学校,年份,录取批次,招生类型,最低分/位次,省控线,专业组,选科要求
中南大学,2024,本科批,普通类,666/899,422,（110）,首选物理，再选化学、生物(2科必选)
中南大学,2024,本科批,普通类,624/6853,422,（107）,首选物理，再选化学
中南大学,2024,本科批,普通类,623/7093,422,（109）,首选物理，再选化学、生物(2科必选)
中南大学,2024,本科批,国家专项计划,620/7846,422,（311）,首选物理，再选不限
中南大学,2024,本科批,国家专项计划,605/12495,422,（313）,首选物理，再选化学、生物(2科必选)
中南大学,2024,本科批,少数民族预科班,604/12862,422,（802）,首选物理，再选化学
中南大学,2024,本科批,中外合作办学或国际项目,601/13918,422,（208）,首选物理，再选化学
中南大学,2024,本科批,国家专项计划,600/14294,422,（312）,首选物理，再选化学
中南大学,2024,本科批,普通类,616/930,438,（105）,首选历史，再选不限
中南大学,2024,本科批,国家专项计划,604/1682,438,（306）,首选历史，再选不限
中南大学,2024,本科批,少数民族预科班,599/2095,438,（801）,首选历史，再选不限
中南大学,2023,本科批,普通类,662/953,415,（109）,首选物理，再选化学、生物(2科必选)
中南大学,2023,本科批,普通类,637/4365,415,（108）,首选物理，再选化学、生物(2科必选)
中南大学,2023,本科批,普通类,632/5340,415,（105）,首选物理，再选不限
中南大学,2023,本科批,普通类,628/6240,415,（107）,首选物理，再选化学
中南大学,2023,本科批,中外合作办学或国际项目,606/12939,415,（206）,首选物理，再选化学
中南大学,2023,本科批,中外合作办学或国际项目,604/13674,415,（204）,首选物理，再选不限
中南大学,2023,本科批,普通类,611/1119,428,（103）,首选历史，再选不限
中南大学,2022,本科批,普通类,640/1175,414,（009）,首选物理，再选化学、生物(2科必选)
中南大学,2022,本科批,普通类,619/3877,414,（008）,首选物理，再选化学、生物(2科必选)
中南大学,2022,本科批,普通类,613/5050,414,（004）,首选物理，再选不限
中南大学,2022,本科批,普通类,606/6699,414,（006）,首选物理，再选化学
中南大学,2022,本科批,国家专项计划,597/9357,414,（014）,首选物理，再选化学/生物(2选1)
中南大学,2022,本科批,国家专项计划,595/9960,414,（015）,首选物理，再选化学/地理(2选1)
中南大学,2022,本科批,国家专项计划,593/10627,414,（013）,首选物理，再选化学、生物(2科必选)
中南大学,2022,本科批,国家专项计划,592/11012,414,（011）,首选物理，再选不限
中南大学,2022,本科批,国家专项计划,587/12867,414,（012）,首选物理，再选化学
中南大学,2022,本科批,中外合作办学或国际项目,586/13272,414,（007）,首选物理，再选化学
中南大学,2022,本科批,普通类,598/1112,451,（003）,首选历史，再选不限
中南大学,2022,本科批,国家专项计划,590/1687,451,（010）,首选历史，再选不限
中南大学,2021,本科批,普通类,652/1157,434,（108）,首选物理，再选化学、生物(2科必选)
中南大学,2021,本科批,普通类,631/3743,434,（107）,首选物理，再选化学、生物(2科必选)
中南大学,2021,本科批,普通类,625/4860,434,（105）,首选物理，再选不限
中南大学,2021,本科批,普通类,617/6711,434,（106）,首选物理，再选化学
中南大学,2021,本科批,少数民族预科班,607/9702,434,（812）,首选物理，再选不限
中南大学,2021,本科批,普通类,609/1056,466,（103）,首选历史，再选不限
中南大学,2021,本科批,少数民族预科班,598/1855,466,（811）,首选历史，再选不限
中南大学,2020,本科一批,普通类,636/5183,507,,
中南大学,2020,国家专项计划本科批,普通类,633/5884,-,,
中南大学,2020,国家专项计划本科批,普通类,628/1003,-,,
中南大学,2020,本科一批,普通类,627/1074,550,,
中国人民解放军国防科技大学,2024,本科批,普通类,644/3014,422,（114）,首选物理，再选化学
中国人民解放军国防科技大学,2024,本科提前批,通信导航岗位合格（女生）,661/1249,-,（112）,首选物理，再选化学
中国人民解放军国防科技大学,2024,本科提前批,通用标准合格（女生）,660/1339,-,（110）,首选物理，再选化学
中国人民解放军国防科技大学,2024,本科提前批,通用标准合格（女生）,657/1585,-,（113）,首选物理，再选化学
中国人民解放军国防科技大学,2024,本科提前批,电子对抗岗位合格（女生）,652/2089,-,（111）,首选物理，再选化学
中国人民解放军国防科技大学,2024,本科提前批,通用标准合格（男生）,631/5252,-,（106）,首选物理，再选化学
中国人民解放军国防科技大学,2024,本科提前批,通信导航岗位合格（男生）,631/5252,-,（105）,首选物理，再选化学
中国人民解放军国防科技大学,2024,本科提前批,通信导航岗位合格（男生）,628/5898,-,（108）,首选物理，再选化学
中国人民解放军国防科技大学,2024,本科提前批,通用标准合格（男生）,627/6131,-,（109）,首选物理，再选化学
中国人民解放军国防科技大学,2024,本科提前批,电子对抗岗位合格（男生）,623/7093,-,（107）,首选物理，再选化学
中国人民解放军国防科技大学,2024,本科提前批,通用标准合格（女生）,629/409,-,（104）,首选历史，再选思想政治
中国人民解放军国防科技大学,2024,本科提前批,通用标准合格（女生）,629/409,-,（103）,首选历史，再选不限
中国人民解放军国防科技大学,2024,本科提前批,通用标准合格（男生）,612/1137,-,（102）,首选历史，再选思想政治
中国人民解放军国防科技大学,2024,本科提前批,通用标准合格（男生）,553/8753,-,（101）,首选历史，再选不限
中国人民解放军国防科技大学,2023,本科批,普通类,646/2756,415,（120）,首选物理，再选不限
中国人民解放军国防科技大学,2022,本科批,普通类,625/2902,414,（011）,首选物理，再选不限
中国人民解放军国防科技大学,2022,本科提前批,其他专业合格（非指挥专业，女生）,631/2094,475,（009）,首选物理，再选不限
中国人民解放军国防科技大学,2022,本科提前批,其他专业合格（不区分指挥、非指挥，女生）,624/3062,475,（010）,首选物理，再选不限
中国人民解放军国防科技大学,2022,本科提前批,其他专业合格（非指挥专业，男生）,619/3877,475,（005）,首选物理，再选不限
中国人民解放军国防科技大学,2022,本科提前批,其他专业合格（不区分指挥、非指挥，男生）,605/6970,475,（008）,首选物理，再选不限
中国人民解放军国防科技大学,2022,本科提前批,其他专业合格（指挥专业，男生）,604/7239,475,（006）,首选物理，再选不限
中国人民解放军国防科技大学,2022,本科提前批,其他专业合格（指挥专业，男生）,602/7803,475,（007）,首选物理，再选思想政治
中国人民解放军国防科技大学,2022,本科提前批,其他专业合格（非指挥专业，女生）,613/440,499,（004）,首选历史，再选不限
中国人民解放军国防科技大学,2022,本科提前批,其他专业合格（指挥专业，男生）,612/474,499,（003）,首选历史，再选思想政治
中国人民解放军国防科技大学,2022,本科提前批,其他专业合格（非指挥专业，男生）,599/1043,499,（001）,首选历史，再选不限
中国人民解放军国防科技大学,2022,本科提前批,其他专业合格（指挥专业，男生）,573/3425,499,（002）,首选历史，再选不限
中国人民解放军国防科技大学,2021,本科批,普通类,632/3552,434,（109）,首选物理，再选不限
中国人民解放军国防科技大学,2020,本科一批,普通类,642/4036,507,,
湖南大学,2024,本科批,普通类,622/7326,422,（106）,首选物理，再选化学
湖南大学,2024,本科批,普通类,603/13216,422,（105）,首选物理，再选不限
湖南大学,2024,本科批,少数民族预科班,614/9547,422,（802）,首选物理，再选不限
湖南大学,2024,本科批,国家专项计划,596/15884,422,（308）,首选物理，再选化学
湖南大学,2024,本科批,国家专项计划,595/16293,422,（307）,首选物理，再选不限
湖南大学,2024,本科批,边防军人子女预科班,554/38625,422,（901）,首选物理，再选不限
湖南大学,2024,本科批,普通类,613/1079,438,（103）,首选历史，再选不限
湖南大学,2024,本科批,少数民族预科班,605/1605,438,（801）,首选历史，再选不限
湖南大学,2023,本科批,普通类,625/6984,415,（104）,首选物理，再选化学
湖南大学,2023,本科批,普通类,623/7483,415,（105）,首选物理，再选化学/生物(2选1)
湖南大学,2023,本科批,普通类,622/7772,415,（103）,首选物理，再选不限
湖南大学,2023,本科批,普通类,612/1066,428,（102）,首选历史，再选不限
湖南大学,2022,本科批,普通类,604/7239,414,（002）,首选物理，再选不限
湖南大学,2022,本科批,普通类,603/7519,414,（004）,首选物理，再选化学/生物(2选1)
湖南大学,2022,本科批,普通类,602/7803,414,（003）,首选物理，再选化学
湖南大学,2022,本科批,国家专项计划,598/9046,414,（005）,首选物理，再选不限
湖南大学,2022,本科批,国家专项计划,592/11012,414,（007）,首选物理，再选化学/生物(2选1)
湖南大学,2022,本科批,国家专项计划,591/11351,414,（006）,首选物理，再选化学
湖南大学,2022,本科批,普通类,599/1043,451,（001）,首选历史，再选不限
湖南大学,2021,本科批,普通类,618/6467,434,（102）,首选物理，再选不限
湖南大学,2021,本科批,普通类,617/6711,434,（104）,首选物理，再选化学/生物(2选1)
湖南大学,2021,本科批,普通类,615/7267,434,（103）,首选物理，再选化学
湖南大学,2021,本科批,少数民族预科班,607/9702,434,（809）,首选物理，再选不限
湖南大学,2021,本科批,普通类,610/993,466,（101）,首选历史，再选不限
湖南大学,2021,本科批,少数民族预科班,598/1855,466,（808）,首选历史，再选不限
湖南大学,2020,本科一批,普通类,628/7043,507,,
湖南大学,2020,国家专项计划本科批,普通类,625/7778,-,,
湖南大学,2020,本科一批,普通类,628/1003,550,,
湖南师范大学,2024,本科批,普通类,601/13918,422,（169）,首选物理，再选思想政治
湖南师范大学,2024,本科批,普通类,595/16293,422,（165）,首选物理，再选化学
湖南师范大学,2024,本科批,普通类,587/19712,422,（164）,首选物理，再选化学
湖南师范大学,2024,本科批,普通类,584/21116,422,（170）,首选物理，再选地理
湖南师范大学,2024,本科批,普通类,581/22629,422,（166）,首选物理，再选化学
湖南师范大学,2024,本科批,普通类,576/25262,422,（168）,首选物理，再选生物
湖南师范大学,2024,本科批,普通类,575/25798,422,（162）,首选物理，再选不限
湖南师范大学,2024,本科批,地方专项计划,588/19267,422,（478）,首选物理，再选化学
湖南师范大学,2024,本科批,地方专项计划,584/21116,422,（481）,首选物理，再选地理
湖南师范大学,2024,本科批,国家专项计划,582/22133,422,（376）,首选物理，再选地理
湖南师范大学,2024,本科批,普通类,590/2987,438,（152）,首选历史，再选地理
湖南师范大学,2024,本科批,普通类,586/3436,438,（151）,首选历史，再选思想政治
湖南师范大学,2024,本科批,普通类,575/4908,438,（147）,首选历史，再选不限
湖南师范大学,2024,本科批,普通类,567/6102,438,（150）,首选历史，再选生物
湖南师范大学,2024,本科批,国家专项计划,582/3965,438,（356）,首选历史，再选思想政治
湖南师范大学,2024,本科批,地方专项计划,581/4101,438,（459）,首选历史，再选思想政治
湖南师范大学,2024,本科批,地方专项计划,576/4762,438,（457）,首选历史，再选不限
湖南师范大学,2024,本科批,国家专项计划,571/5499,438,（354）,首选历史，再选不限
湖南师范大学,2024,本科批,地方专项计划,564/6650,438,（458）,首选历史，再选生物
湖南师范大学,2024,本科批,定向西藏就业,559/7549,438,（653）,首选历史，再选不限
湖南师范大学,2023,本科批,普通类,601/14835,415,（123）,首选物理，再选不限
湖南师范大学,2023,本科批,普通类,598/16031,415,（124）,首选物理，再选化学
湖南师范大学,2023,本科批,普通类,597/16428,415,（128）,首选物理，再选化学/地理(2选1)
湖南师范大学,2023,本科批,普通类,591/18986,415,（126）,首选物理，再选化学/生物(2选1)
湖南师范大学,2023,本科批,普通类,587/20766,415,（127）,首选物理，再选化学/生物(2选1)
湖南师范大学,2023,本科批,普通类,585/21683,415,（125）,首选物理，再选化学
湖南师范大学,2023,本科批,普通类,584/22150,415,（121）,首选物理，再选不限
湖南师范大学,2023,本科批,普通类,583/22651,415,（122）,首选物理，再选不限
湖南师范大学,2023,本科批,普通类,592/2401,428,（118）,首选历史，再选思想政治
湖南师范大学,2023,本科批,普通类,591/2481,428,（117）,首选历史，再选化学/地理(2选1)
湖南师范大学,2023,本科批,普通类,572/4402,428,（115）,首选历史，再选不限
湖南师范大学,2023,本科批,普通类,569/4787,428,（116）,首选历史，再选不限
湖南师范大学,2022,本科批,普通类,583/14465,414,（017）,首选物理，再选不限
湖南师范大学,2022,本科批,普通类,579/16183,414,（019）,首选物理，再选化学
湖南师范大学,2022,本科批,普通类,578/16609,414,（021）,首选物理，再选化学/生物(2选1)
湖南师范大学,2022,本科批,普通类,574/18443,414,（022）,首选物理，再选化学/生物(2选1)
湖南师范大学,2022,本科批,普通类,573/18934,414,（020）,首选物理，再选化学
湖南师范大学,2022,本科批,普通类,573/18934,414,（018）,首选物理，再选不限
湖南师范大学,2022,本科批,地方专项计划,578/16609,414,（043）,首选物理，再选不限
湖南师范大学,2022,本科批,国家专项计划,578/16609,414,（032）,首选物理，再选不限
湖南师范大学,2022,本科批,地方专项计划,575/17983,414,（045）,首选物理，再选化学
湖南师范大学,2022,本科批,地方专项计划,573/18934,414,（050）,首选物理，再选化学/地理(2选1)
湖南师范大学,2022,本科批,普通类,572/3569,451,（013）,首选历史，再选不限
湖南师范大学,2022,本科批,普通类,565/4620,451,（014）,首选历史，再选不限
湖南师范大学,2022,本科批,国家专项计划,569/4005,451,（028）,首选历史，再选不限
湖南师范大学,2022,本科批,国家专项计划,564/4784,451,（030）,首选历史，再选化学/地理(2选1)
湖南师范大学,2022,本科批,国家专项计划,562/5160,451,（031）,首选历史，再选思想政治
湖南师范大学,2022,本科批,地方专项计划,561/5363,451,（041）,首选历史，再选化学/地理(2选1)
湖南师范大学,2022,本科批,地方专项计划,560/5546,451,（039）,首选历史，再选不限
湖南师范大学,2022,本科批,地方专项计划,558/5895,451,（042）,首选历史，再选思想政治
湖南师范大学,2022,本科批,地方专项计划,549/7867,451,（040）,首选历史，再选不限
湖南师范大学,2022,本科批,国家专项计划,539/10556,451,（029）,首选历史，再选不限
湖南师范大学,2021,本科批,普通类,585/3316,466,（113）,首选历史，再选不限
湖南师范大学,2021,本科批,地方专项,583/3618,466,（419）,首选历史，再选化学/地理(2选1)
湖南师范大学,2021,本科批,地方专项,583/3618,466,（418）,首选历史，再选不限
湖南师范大学,2021,本科批,地方专项,581/3916,466,（420）,首选历史，再选思想政治
湖南师范大学,2021,本科批,定向西藏就业,553/10025,466,（614）,首选历史，再选不限
湖南师范大学,2020,本科一批,普通类,606/13663,507,,
湖南师范大学,2020,国家专项计划本科批,普通类,602/15135,-,,
湖南师范大学,2020,地方专项计划本科批,普通类,597/17115,507,,
湖南师范大学,2020,国家专项计划本科批,医学院,605/14029,-,,
湖南师范大学,2020,本科一批,医学院,586/21900,507,,
湖南师范大学,2020,本科一批,普通类,608/2948,550,,
湖南师范大学,2020,国家专项计划本科批,普通类,608/2948,-,,
湖南师范大学,2020,地方专项计划本科批,普通类,604/3553,550,,
湖南师范大学,2020,本科一批,医学院,589/6331,550,,
湖南师范大学,2020,本科一批,中外合作办学,682/-,413,,
湖南师范大学,2020,本科一批,普通类,746/-,363,,
湖南师范大学,2020,本科一批,中外合作办学,630/-,363,,
湘潭大学,2024,本科批,普通类,584/21116,422,（110）,首选物理，再选化学
湘潭大学,2024,本科批,普通类,567/30273,422,（109）,首选物理，再选不限
湘潭大学,2024,本科批,普通类,555/37945,422,（108）,首选物理，再选不限
湘潭大学,2024,本科批,普通类,554/38625,422,（112）,首选物理，再选化学
湘潭大学,2024,本科批,普通类,551/40721,422,（111）,首选物理，再选化学
湘潭大学,2024,本科批,地方专项计划,562/33350,422,（416）,首选物理，再选不限
湘潭大学,2024,本科批,国家专项计划,562/33350,422,（314）,首选物理，再选不限
湘潭大学,2024,本科批,国家专项计划,559/35299,422,（315）,首选物理，再选化学
湘潭大学,2024,本科批,地方专项计划,555/37945,422,（417）,首选物理，再选化学
湘潭大学,2024,本科批,中外合作办学或国际项目,555/37945,422,（213）,首选物理，再选化学
湘潭大学,2024,本科批,普通类,573/5203,438,（104）,首选历史，再选思想政治
湘潭大学,2024,本科批,普通类,571/5499,438,（103）,首选历史，再选不限
湘潭大学,2024,本科批,普通类,562/7021,438,（102）,首选历史，再选不限
湘潭大学,2024,本科批,地方专项计划,568/5936,438,（407）,首选历史，再选思想政治
湘潭大学,2024,本科批,地方专项计划,565/6456,438,（406）,首选历史，再选不限
湘潭大学,2024,本科批,国家专项计划,563/6820,438,（305）,首选历史，再选不限
湘潭大学,2023,本科批,普通类,587/20766,415,（108）,首选物理，再选不限
湘潭大学,2023,本科批,普通类,572/28308,415,（107）,首选物理，再选不限
湘潭大学,2023,本科批,普通类,564/32911,415,（109）,首选物理，再选不限
湘潭大学,2023,本科批,普通类,558/36547,415,（111）,首选物理，再选化学
湘潭大学,2023,本科批,普通类,557/37163,415,（106）,首选物理，再选不限
湘潭大学,2023,本科批,中外合作办学或国际项目,554/39037,415,（210）,首选物理，再选不限
湘潭大学,2023,本科批,普通类,564/5390,428,（104）,首选历史，再选不限
湘潭大学,2023,本科批,普通类,562/5681,428,（105）,首选历史，再选思想政治
湘潭大学,2023,本科批,普通类,552/7206,428,（103）,首选历史，再选不限
湘潭大学,2022,本科批,普通类,570/20373,414,（009）,首选物理，再选不限
湘潭大学,2022,本科批,普通类,562/24661,414,（008）,首选物理，再选不限
湘潭大学,2022,本科批,普通类,553/29994,414,（007）,首选物理，再选不限
湘潭大学,2022,本科批,普通类,548/33124,414,（010）,首选物理，再选不限
湘潭大学,2022,本科批,普通类,546/34455,414,（011）,首选物理，再选化学
湘潭大学,2022,本科批,国家专项计划,554/29374,414,（014）,首选物理，再选不限
湘潭大学,2022,本科批,地方专项计划,553/29994,414,（018）,首选物理，再选不限
湘潭大学,2022,本科批,国家专项计划,544/35782,414,（015）,首选物理，再选化学
湘潭大学,2022,本科批,地方专项计划,543/36439,414,（019）,首选物理，再选化学
湘潭大学,2022,本科批,中外合作办学或国际项目,536/41408,414,（006）,首选物理，再选不限
湘潭大学,2022,本科批,普通类,563/4971,451,（004）,首选历史，再选不限
湘潭大学,2022,本科批,普通类,560/5546,451,（005）,首选历史，再选思想政治
湘潭大学,2022,本科批,普通类,556/6312,451,（003）,首选历史，再选不限
湘潭大学,2022,本科批,地方专项计划,554/6726,451,（017）,首选历史，再选思想政治
湘潭大学,2022,本科批,地方专项计划,554/6726,451,（016）,首选历史，再选不限
湘潭大学,2022,本科批,国家专项计划,554/6726,451,（013）,首选历史，再选不限
湘潭大学,2021,本科批,普通类,578/21996,434,（111）,首选物理，再选不限
湘潭大学,2021,本科批,普通类,576/23078,434,（110）,首选物理，再选不限
湘潭大学,2021,本科批,普通类,575/23683,434,（109）,首选物理，再选不限
湘潭大学,2021,本科批,普通类,565/29504,434,（112）,首选物理，再选不限
湘潭大学,2021,本科批,普通类,559/33310,434,（114）,首选物理，再选化学
湘潭大学,2021,本科批,地方专项,566/28903,434,（418）,首选物理，再选不限
湘潭大学,2021,本科批,地方专项,561/32035,434,（419）,首选物理，再选化学
湘潭大学,2021,本科批,中外合作办学,548/40940,434,（213）,首选物理，再选不限
湘潭大学,2021,本科批,定向西藏就业,511/71835,434,（615）,首选物理，再选不限
湘潭大学,2021,本科批,普通类,575/4843,466,（104）,首选历史，再选不限
湘潭大学,2021,本科批,普通类,573/5189,466,（105）,首选历史，再选思想政治
湘潭大学,2021,本科批,普通类,570/5782,466,（103）,首选历史，再选不限
湘潭大学,2021,本科批,地方专项,574/5023,466,（407）,首选历史，再选不限
湘潭大学,2021,本科批,地方专项,572/5382,466,（408）,首选历史，再选思想政治
湘潭大学,2020,国家专项计划本科批,普通类,576/26828,-,,
湘潭大学,2020,本科一批,普通类,573/28354,507,,
湘潭大学,2020,地方专项计划本科批,普通类,570/29928,507,,
湘潭大学,2020,本科一批,中外合作办学,550/41757,507,,
长沙理工大学,2024,本科批,普通类,597/15472,422,（107）,首选物理，再选化学
长沙理工大学,2024,本科批,普通类,563/32743,422,（108）,首选物理，再选化学
长沙理工大学,2024,本科批,普通类,548/42920,422,（109）,首选物理，再选化学
长沙理工大学,2024,本科批,普通类,547/43656,422,（106）,首选物理，再选不限
长沙理工大学,2024,本科批,中外合作办学或国际项目,575/25798,422,（211）,首选物理，再选化学
长沙理工大学,2024,本科批,地方专项计划,544/45981,422,（416）,首选物理，再选化学
长沙理工大学,2024,本科批,地方专项计划,544/45981,422,（415）,首选物理，再选不限
长沙理工大学,2024,本科批,国家专项计划,544/45981,422,（314）,首选物理，再选化学
长沙理工大学,2024,本科批,国家专项计划,544/45981,422,（313）,首选物理，再选不限
长沙理工大学,2024,本科批,中外合作办学或国际项目,543/46758,422,（210）,首选物理，再选化学
长沙理工大学,2024,本科批,普通类,559/7549,438,（102）,首选历史，再选不限
长沙理工大学,2024,本科批,地方专项计划,562/7021,438,（405）,首选历史，再选不限
长沙理工大学,2024,本科批,国家专项计划,559/7549,438,（304）,首选历史，再选不限
长沙理工大学,2023,本科批,普通类,596/16890,415,（109）,首选物理，再选不限
长沙理工大学,2023,本科批,普通类,576/26178,415,（110）,首选物理，再选不限
长沙理工大学,2023,本科批,普通类,559/35922,415,（107）,首选物理，再选不限
长沙理工大学,2023,本科批,普通类,555/38418,415,（108）,首选物理，再选不限
长沙理工大学,2023,本科批,普通类,554/39037,415,（115）,首选物理，再选化学
长沙理工大学,2023,本科批,普通类,551/41027,415,（111）,首选物理，再选不限
长沙理工大学,2023,本科批,中外合作办学或国际项目,571/28905,415,（212）,首选物理，再选不限
长沙理工大学,2023,本科批,中外合作办学或国际项目,538/50112,415,（213）,首选物理，再选不限
长沙理工大学,2023,本科批,中外合作办学或国际项目,494/87118,415,（214）,首选物理，再选不限
长沙理工大学,2023,本科批,普通类,547/8080,428,（105）,首选历史，再选不限
长沙理工大学,2023,本科批,普通类,546/8248,428,（106）,首选历史，再选不限
长沙理工大学,2022,本科批,普通类,575/17983,414,（009）,首选物理，再选不限
长沙理工大学,2022,本科批,普通类,558/26992,414,（010）,首选物理，再选不限
长沙理工大学,2022,本科批,普通类,555/28775,414,（008）,首选物理，再选不限
长沙理工大学,2022,本科批,普通类,554/29374,414,（007）,首选物理，再选不限
长沙理工大学,2022,本科批,普通类,538/39988,414,（015）,首选物理，再选化学
长沙理工大学,2022,本科批,普通类,535/42178,414,（016）,首选物理，再选化学/生物(2选1)
长沙理工大学,2022,本科批,普通类,524/50721,414,（011）,首选物理，再选不限
长沙理工大学,2022,本科批,地方专项计划,573/18934,414,（030）,首选物理，再选不限
长沙理工大学,2022,本科批,国家专项计划,573/18934,414,（021）,首选物理，再选不限
长沙理工大学,2022,本科批,地方专项计划,557/27576,414,（031）,首选物理，再选不限
长沙理工大学,2022,本科批,普通类,549/7867,451,（005）,首选历史，再选不限
长沙理工大学,2022,本科批,普通类,543/9441,451,（006）,首选历史，再选不限
长沙理工大学,2022,本科批,国家专项计划,550/7615,451,（017）,首选历史，再选不限
长沙理工大学,2022,本科批,地方专项计划,549/7867,451,（026）,首选历史，再选不限
长沙理工大学,2022,本科批,国家专项计划,547/8359,451,（018）,首选历史，再选不限
长沙理工大学,2022,本科批,地方专项计划,546/8648,451,（027）,首选历史，再选不限
长沙理工大学,2021,本科批,普通类,570/26448,434,（104）,首选物理，再选不限
长沙理工大学,2021,本科批,普通类,564/30121,434,（108）,首选物理，再选化学
长沙理工大学,2021,本科批,普通类,563/30742,434,（109）,首选物理，再选化学/生物(2选1)
长沙理工大学,2021,本科批,地方专项,567/28307,434,（413）,首选物理，再选不限
长沙理工大学,2021,本科批,地方专项,563/30742,434,（415）,首选物理，再选化学/生物(2选1)
长沙理工大学,2021,本科批,中外合作办学,563/30742,434,（205）,首选物理，再选不限
长沙理工大学,2021,本科批,地方专项,562/31365,434,（414）,首选物理，再选化学
长沙理工大学,2021,本科批,国家专项计划,560/32675,434,（312）,首选物理，再选化学/生物(2选1)
长沙理工大学,2021,本科批,中外合作办学,550/39551,434,（206）,首选物理，再选不限
长沙理工大学,2021,本科批,中外合作办学,546/42429,434,（207）,首选物理，再选不限
长沙理工大学,2021,本科批,普通类,566/6649,466,（101）,首选历史，再选不限
长沙理工大学,2021,本科批,地方专项,567/6429,466,（403）,首选历史，再选不限
长沙理工大学,2021,本科批,国家专项计划,565/6869,466,（302）,首选历史，再选不限
长沙理工大学,2020,国家专项计划本科批,普通类,580/24795,-,,
长沙理工大学,2020,本科一批,普通类,579/25267,507,,
长沙理工大学,2020,地方专项计划本科批,普通类,575/27340,507,,
长沙理工大学,2020,本科一批,中外合作办学,553/39896,507,,
长沙理工大学,2020,国家专项计划本科批,普通类,593/5478,-,,
长沙理工大学,2020,本科一批,普通类,592/5683,550,,
长沙理工大学,2020,地方专项计划本科批,普通类,589/6331,550,,
湖南农业大学,2024,本科批,普通类,546/44422,422,（118）,首选物理，再选化学
湖南农业大学,2024,本科批,普通类,535/53266,422,（121）,首选物理，再选思想政治
湖南农业大学,2024,本科批,普通类,531/56772,422,（122）,首选物理，再选地理
湖南农业大学,2024,本科批,普通类,523/64206,422,（120）,首选物理，再选化学、生物(2科必选)
湖南农业大学,2024,本科批,普通类,522/65187,422,（115）,首选物理，再选不限
湖南农业大学,2024,本科批,普通类,510/77495,422,（117）,首选物理，再选化学
湖南农业大学,2024,本科批,地方专项计划,530/57691,422,（430）,首选物理，再选地理
湖南农业大学,2024,本科批,国家专项计划,524/63246,422,（326）,首选物理，再选地理
湖南农业大学,2024,本科批,地方专项计划,518/69193,422,（427）,首选物理，再选不限
湖南农业大学,2024,本科批,国家专项计划,514/73298,422,（323）,首选物理，再选不限
湖南农业大学,2024,本科批,普通类,545/10470,438,（109）,首选历史，再选思想政治
湖南农业大学,2024,本科批,普通类,537/12429,438,（110）,首选历史，再选地理
湖南农业大学,2024,本科批,普通类,529/14739,438,（107）,首选历史，再选不限
湖南农业大学,2024,本科批,地方专项计划,547/10039,438,（413）,首选历史，再选思想政治
湖南农业大学,2024,本科批,地方专项计划,528/15028,438,（412）,首选历史，再选不限
湖南农业大学,2024,本科批,国家专项计划,521/17210,438,（311）,首选历史，再选不限
湖南农业大学,2024,本科批,中外合作办学或国际项目,500/24772,438,（208）,首选历史，再选不限
湖南农业大学,2023,本科批,普通类,548/43010,415,（116）,首选物理，再选不限
湖南农业大学,2023,本科批,普通类,532/54616,415,（124）,首选物理，再选思想政治
湖南农业大学,2023,本科批,普通类,530/56139,415,（122）,首选物理，再选化学/地理(2选1)
湖南农业大学,2023,本科批,普通类,523/61615,415,（114）,首选物理，再选不限
湖南农业大学,2023,本科批,普通类,522/62443,415,（123）,首选物理，再选生物/地理(2选1)
湖南农业大学,2023,本科批,普通类,521/63320,415,（119）,首选物理，再选化学/生物(2选1)
湖南农业大学,2023,本科批,普通类,517/66697,415,（118）,首选物理，再选化学
湖南农业大学,2023,本科批,中外合作办学或国际项目,475/105669,415,（220）,首选物理，再选化学/生物(2选1)
湖南农业大学,2023,本科批,中外合作办学或国际项目,475/105669,415,（215）,首选物理，再选不限
湖南农业大学,2023,本科批,普通类,535/10352,428,（112）,首选历史，再选思想政治
湖南农业大学,2023,本科批,普通类,521/13790,428,（110）,首选历史，再选化学/地理(2选1)
湖南农业大学,2023,本科批,普通类,519/14340,428,（111）,首选历史，再选生物/地理(2选1)
湖南农业大学,2023,本科批,普通类,515/15525,428,（109）,首选历史，再选化学/生物(2选1)
湖南农业大学,2023,本科批,普通类,511/16671,428,（107）,首选历史，再选不限
湖南农业大学,2023,本科批,中外合作办学或国际项目,484/26619,428,（208）,首选历史，再选不限
湖南农业大学,2022,本科批,普通类,533/43621,414,（016）,首选物理，再选不限
湖南农业大学,2022,本科批,普通类,525/49923,414,（015）,首选物理，再选不限
湖南农业大学,2022,本科批,普通类,522/52353,414,（022）,首选物理，再选思想政治
湖南农业大学,2022,本科批,普通类,517/56436,414,（020）,首选物理，再选化学/地理(2选1)
湖南农业大学,2022,本科批,普通类,514/59031,414,（021）,首选物理，再选生物/地理(2选1)
湖南农业大学,2022,本科批,普通类,501/70882,414,（017）,首选物理，再选化学
湖南农业大学,2022,本科批,普通类,498/73777,414,（018）,首选物理，再选化学/生物(2选1)
湖南农业大学,2022,本科批,普通类,496/75759,414,（013）,首选物理，再选不限
湖南农业大学,2022,本科批,地方专项计划,513/59922,414,（036）,首选物理，再选化学/地理(2选1)
湖南农业大学,2022,本科批,国家专项计划,511/61768,414,（029）,首选物理，再选化学/地理(2选1)
湖南农业大学,2022,本科批,普通类,536/11444,451,（011）,首选历史，再选思想政治
湖南农业大学,2022,本科批,普通类,535/11784,451,（010）,首选历史，再选生物/地理(2选1)
湖南农业大学,2022,本科批,普通类,531/13052,451,（009）,首选历史，再选化学/地理(2选1)
湖南农业大学,2022,本科批,普通类,525/15195,451,（008）,首选历史，再选化学/生物(2选1)
湖南农业大学,2022,本科批,普通类,522/16419,451,（007）,首选历史，再选不限
湖南农业大学,2022,本科批,普通类,520/17234,451,（005）,首选历史，再选不限
湖南农业大学,2022,本科批,地方专项计划,534/12066,451,（032）,首选历史，再选思想政治
湖南农业大学,2022,本科批,国家专项计划,529/13741,451,（025）,首选历史，再选思想政治
湖南农业大学,2022,本科批,地方专项计划,517/18482,451,（030）,首选历史，再选不限
湖南农业大学,2022,本科批,地方专项计划,515/19329,451,（031）,首选历史，再选化学/生物(2选1)
湖南农业大学,2021,本科批,普通类,548/40940,434,（127）,首选物理，再选地理/生物(2选1)
湖南农业大学,2021,本科批,普通类,545/43213,434,（126）,首选物理，再选化学/地理(2选1)
湖南农业大学,2021,本科批,普通类,544/43943,434,（128）,首选物理，再选思想政治
湖南农业大学,2021,本科批,普通类,544/43943,434,（122）,首选物理，再选不限
湖南农业大学,2021,本科批,普通类,542/45495,434,（120）,首选物理，再选不限
湖南农业大学,2021,本科批,普通类,539/47864,434,（123）,首选物理，再选化学
湖南农业大学,2021,本科批,普通类,535/50980,434,（124）,首选物理，再选化学/生物(2选1)
湖南农业大学,2021,本科批,地方专项,535/50980,434,（433）,首选物理，再选不限
湖南农业大学,2021,本科批,地方专项,533/52601,434,（436）,首选物理，再选化学/地理(2选1)
湖南农业大学,2021,本科批,地方专项,530/55054,434,（434）,首选物理，再选化学
湖南农业大学,2021,本科批,普通类,555/9441,466,（110）,首选历史，再选思想政治
湖南农业大学,2021,本科批,普通类,550/10965,466,（109）,首选历史，再选地理/生物(2选1)
湖南农业大学,2021,本科批,普通类,550/10965,466,（107）,首选历史，再选不限
湖南农业大学,2021,本科批,普通类,550/10965,466,（105）,首选历史，再选不限
湖南农业大学,2021,本科批,普通类,548/11627,466,（108）,首选历史，再选化学/生物(2选1)
湖南农业大学,2021,本科批,地方专项,551/10641,466,（418）,首选历史，再选思想政治
湖南农业大学,2021,本科批,地方专项,544/12935,466,（416）,首选历史，再选不限
湖南农业大学,2021,本科批,地方专项,543/13286,466,（417）,首选历史，再选化学/生物(2选1)
湖南农业大学,2021,本科批,中外合作办学,523/21803,466,（206）,首选历史，再选不限
湖南农业大学,2020,本科一批,普通类,544/45747,507,,
湖南农业大学,2020,地方专项计划本科批,普通类,530/55786,507,,
湖南农业大学,2020,国家专项计划本科批,普通类,522/62091,-,,
湖南农业大学,2020,本科一批,中外合作办学,521/62875,507,,
湖南农业大学,2020,本科一批,普通类,574/10368,550,,
湖南农业大学,2020,地方专项计划本科批,普通类,568/12401,550,,
湖南农业大学,2020,国家专项计划本科批,普通类,568/12401,-,,
湖南农业大学,2020,本科一批,中外合作办学,563/14268,550,,
湖南农业大学,2020,本科一批,普通类,734/-,413,,
湖南农业大学,2020,本科一批,普通类,701/-,363,,
中南林业科技大学,2024,本科批,普通类,538/50752,422,（122）,首选物理，再选地理
中南林业科技大学,2024,本科批,普通类,531/56772,422,（121）,首选物理，再选生物
中南林业科技大学,2024,本科批,普通类,528/59501,422,（119）,首选物理，再选化学
中南林业科技大学,2024,本科批,普通类,519/68175,422,（117）,首选物理，再选不限
中南林业科技大学,2024,本科批,普通类,517/70156,422,（120）,首选物理，再选化学
中南林业科技大学,2024,本科批,地方专项计划,536/52413,422,（432）,首选物理，再选地理
中南林业科技大学,2024,本科批,国家专项计划,533/55026,422,（327）,首选物理，再选地理
中南林业科技大学,2024,本科批,地方专项计划,528/59501,422,（429）,首选物理，再选化学
中南林业科技大学,2024,本科批,地方专项计划,522/65187,422,（428）,首选物理，再选不限
中南林业科技大学,2024,本科批,地方专项计划,521/66167,422,（431）,首选物理，再选生物
中南林业科技大学,2024,本科批,普通类,548/9818,438,（108）,首选历史，再选地理
中南林业科技大学,2024,本科批,普通类,543/10917,438,（107）,首选历史，再选生物
中南林业科技大学,2024,本科批,普通类,530/14433,438,（106）,首选历史，再选不限
中南林业科技大学,2024,本科批,地方专项计划,540/11668,438,（414）,首选历史，再选地理
中南林业科技大学,2024,本科批,地方专项计划,534/13253,438,（413）,首选历史，再选生物
中南林业科技大学,2024,本科批,国家专项计划,532/13830,438,（311）,首选历史，再选地理
中南林业科技大学,2024,本科批,地方专项计划,531/14124,438,（412）,首选历史，再选不限
中南林业科技大学,2024,本科批,国家专项计划,527/15325,438,（310）,首选历史，再选生物
中南林业科技大学,2024,本科批,国家专项计划,527/15325,438,（309）,首选历史，再选不限
中南林业科技大学,2024,本科批,中外合作办学或国际项目,498/25615,438,（205）,首选历史，再选不限
中南林业科技大学,2023,本科批,普通类,546/44368,415,（115）,首选物理，再选不限
中南林业科技大学,2023,本科批,普通类,542/47160,415,（116）,首选物理，再选不限
中南林业科技大学,2023,本科批,普通类,532/54616,415,（124）,首选物理，再选化学/地理(2选1)
中南林业科技大学,2023,本科批,普通类,519/65045,415,（117）,首选物理，再选不限
中南林业科技大学,2023,本科批,普通类,511/71849,415,（122）,首选物理，再选化学/生物(2选1)
中南林业科技大学,2023,本科批,中外合作办学或国际项目,500/81538,415,（219）,首选物理，再选不限
中南林业科技大学,2023,本科批,中外合作办学或国际项目,480/100659,415,（218）,首选物理，再选不限
中南林业科技大学,2023,本科批,中外合作办学或国际项目,470/110696,415,（220）,首选物理，再选不限
中南林业科技大学,2023,本科批,中外合作办学或国际项目,458/123189,415,（223）,首选物理，再选化学/生物(2选1)
中南林业科技大学,2023,本科批,普通类,536/10121,428,（113）,首选历史，再选化学/地理(2选1)
中南林业科技大学,2023,本科批,普通类,533/10790,428,（109）,首选历史，再选不限
中南林业科技大学,2023,本科批,普通类,501/19980,428,（110）,首选历史，再选不限
中南林业科技大学,2023,本科批,中外合作办学或国际项目,465/35895,428,（212）,首选历史，再选不限
中南林业科技大学,2022,本科批,普通类,524/50721,414,（014）,首选物理，再选不限
中南林业科技大学,2022,本科批,普通类,523/51518,414,（020）,首选物理，再选化学/地理(2选1)
中南林业科技大学,2022,本科批,普通类,505/67144,414,（016）,首选物理，再选不限
中南林业科技大学,2022,本科批,普通类,492/79722,414,（015）,首选物理，再选不限
中南林业科技大学,2022,本科批,普通类,478/93999,414,（018）,首选物理，再选化学/生物(2选1)
中南林业科技大学,2022,本科批,地方专项计划,526/49134,414,（037）,首选物理，再选化学/地理(2选1)
中南林业科技大学,2022,本科批,地方专项计划,518/55594,414,（033）,首选物理，再选不限
中南林业科技大学,2022,本科批,国家专项计划,515/58144,414,（029）,首选物理，再选化学/地理(2选1)
中南林业科技大学,2022,本科批,国家专项计划,515/58144,414,（025）,首选物理，再选不限
中南林业科技大学,2022,本科批,地方专项计划,502/69923,414,（035）,首选物理，再选不限
中南林业科技大学,2022,本科批,普通类,545/8900,451,（012）,首选历史，再选化学/地理(2选1)
中南林业科技大学,2022,本科批,普通类,524/15602,451,（009）,首选历史，再选不限
中南林业科技大学,2022,本科批,普通类,507/23045,451,（010）,首选历史，再选不限
中南林业科技大学,2022,本科批,地方专项计划,545/8900,451,（032）,首选历史，再选化学/地理(2选1)
中南林业科技大学,2022,本科批,国家专项计划,534/12066,451,（024）,首选历史，再选化学/地理(2选1)
中南林业科技大学,2022,本科批,地方专项计划,524/15602,451,（030）,首选历史，再选不限
中南林业科技大学,2022,本科批,国家专项计划,517/18482,451,（022）,首选历史，再选不限
中南林业科技大学,2022,本科批,地方专项计划,509/22075,451,（031）,首选历史，再选不限
中南林业科技大学,2022,本科批,国家专项计划,508/22589,451,（023）,首选历史，再选不限
中南林业科技大学,2022,本科批,中外合作办学或国际项目,505/24123,451,（011）,首选历史，再选不限
中南林业科技大学,2021,本科批,普通类,559/33310,434,（124）,首选物理，再选不限
中南林业科技大学,2021,本科批,普通类,553/37425,434,（128）,首选物理，再选化学/地理(2选1)
中南林业科技大学,2021,本科批,普通类,549/40254,434,（123）,首选物理，再选不限
中南林业科技大学,2021,本科批,普通类,538/48600,434,（126）,首选物理，再选化学/生物(2选1)
中南林业科技大学,2021,专科批,普通类,427/143719,200,（139）,首选物理，再选不限
中南林业科技大学,2021,本科批,地方专项,560/32675,434,（434）,首选物理，再选不限
中南林业科技大学,2021,本科批,地方专项,549/40254,434,（436）,首选物理，再选化学/地理(2选1)
中南林业科技大学,2021,本科批,地方专项,542/45495,434,（433）,首选物理，再选不限
中南林业科技大学,2021,本科批,地方专项,529/55884,434,（435）,首选物理，再选化学/生物(2选1)
中南林业科技大学,2021,本科批,中外合作办学,523/61005,434,（225）,首选物理，再选不限
中南林业科技大学,2020,本科一批,普通类,557/37369,507,,
中南林业科技大学,2020,地方专项计划本科批,普通类,548/43086,507,,
中南林业科技大学,2020,国家专项计划本科批,普通类,541/47790,-,,
中南林业科技大学,2020,专科批,普通类,435/131840,200,,
中南林业科技大学,2020,本科一批,普通类,583/7831,550,,
中南林业科技大学,2020,地方专项计划本科批,普通类,578/9176,550,,
中南林业科技大学,2020,国家专项计划本科批,普通类,575/10065,-,,
中南林业科技大学,2020,专科批,普通类,500/46862,200,,
中南林业科技大学,2020,本科一批,普通类,737/-,413,,
中南林业科技大学,2020,本科一批,普通类,686/-,363,,
湖南科技大学,2024,本科批,普通类,545/45166,422,（143）,首选物理，再选地理
湖南科技大学,2024,本科批,普通类,544/45981,422,（140）,首选物理，再选化学
湖南科技大学,2024,本科批,普通类,541/48313,422,（142）,首选物理，再选思想政治
湖南科技大学,2024,本科批,普通类,540/49114,422,（139）,首选物理，再选不限
湖南科技大学,2024,本科批,普通类,537/51554,422,（141）,首选物理，再选化学
湖南科技大学,2024,本科批,国家专项计划,542/47543,422,（347）,首选物理，再选地理
湖南科技大学,2024,本科批,地方专项计划,539/49946,422,（451）,首选物理，再选地理
湖南科技大学,2024,本科批,地方专项计划,538/50752,422,（450）,首选物理，再选思想政治
湖南科技大学,2024,本科批,国家专项计划,536/52413,422,（346）,首选物理，再选思想政治
湖南科技大学,2024,本科批,地方专项计划,532/55898,422,（448）,首选物理，再选不限
湖南科技大学,2024,本科批,普通类,549/9588,438,（130）,首选历史，再选思想政治
湖南科技大学,2024,本科批,普通类,542/11160,438,（131）,首选历史，再选地理
湖南科技大学,2024,本科批,普通类,541/11404,438,（129）,首选历史，再选不限
湖南科技大学,2024,本科批,地方专项计划,552/8932,438,（436）,首选历史，再选思想政治
湖南科技大学,2024,本科批,国家专项计划,549/9588,438,（333）,首选历史，再选思想政治
湖南科技大学,2024,本科批,地方专项计划,544/10689,438,（437）,首选历史，再选地理
湖南科技大学,2024,本科批,地方专项计划,543/10917,438,（435）,首选历史，再选不限
湖南科技大学,2024,本科批,国家专项计划,542/11160,438,（334）,首选历史，再选地理
湖南科技大学,2024,本科批,国家专项计划,539/11918,438,（332）,首选历史，再选不限
湖南科技大学,2023,本科批,普通类,559/35922,415,（116）,首选物理，再选不限
湖南科技大学,2023,本科批,普通类,540/48596,415,（121）,首选物理，再选思想政治
湖南科技大学,2023,本科批,普通类,540/48596,415,（118）,首选物理，再选化学
湖南科技大学,2023,本科批,普通类,540/48596,415,（117）,首选物理，再选不限
湖南科技大学,2023,本科批,普通类,537/50850,415,（120）,首选物理，再选化学/地理(2选1)
湖南科技大学,2023,本科批,普通类,535/52316,415,（119）,首选物理，再选化学/生物(2选1)
湖南科技大学,2023,本科批,普通类,543/8778,428,（114）,首选历史，再选思想政治
湖南科技大学,2023,本科批,普通类,534/10574,428,（113）,首选历史，再选化学/地理(2选1)
湖南科技大学,2023,本科批,普通类,529/11729,428,（112）,首选历史，再选不限
湖南科技大学,2023,本科批,普通类,523/13258,428,（111）,首选历史，再选不限
湖南科技大学,2022,本科批,普通类,546/34455,414,（013）,首选物理，再选不限
湖南科技大学,2022,本科批,普通类,545/35124,414,（012）,首选物理，再选不限
湖南科技大学,2022,本科批,普通类,544/35782,414,（018）,首选物理，再选思想政治
湖南科技大学,2022,本科批,普通类,539/39275,414,（017）,首选物理，再选化学/地理(2选1)
湖南科技大学,2022,本科批,普通类,531/45193,414,（015）,首选物理，再选化学
湖南科技大学,2022,本科批,普通类,527/48318,414,（016）,首选物理，再选化学/生物(2选1)
湖南科技大学,2022,本科批,普通类,524/50721,414,（014）,首选物理，再选不限
湖南科技大学,2022,本科批,地方专项计划,536/41408,414,（034）,首选物理，再选化学/地理(2选1)
湖南科技大学,2022,本科批,国家专项计划,532/44428,414,（027）,首选物理，再选思想政治
湖南科技大学,2022,本科批,地方专项计划,527/48318,414,（035）,首选物理，再选思想政治
湖南科技大学,2022,本科批,普通类,545/8900,451,（010）,首选历史，再选思想政治
湖南科技大学,2022,本科批,普通类,544/9159,451,（009）,首选历史，再选化学/地理(2选1)
湖南科技大学,2022,本科批,普通类,537/11129,451,（007）,首选历史，再选不限
湖南科技大学,2022,本科批,普通类,536/11444,451,（008）,首选历史，再选不限
湖南科技大学,2022,本科批,国家专项计划,543/9441,451,（022）,首选历史，再选思想政治
湖南科技大学,2022,本科批,地方专项计划,542/9732,451,（030）,首选历史，再选思想政治
湖南科技大学,2022,本科批,地方专项计划,541/9995,451,（029）,首选历史，再选化学/地理(2选1)
湖南科技大学,2022,本科批,国家专项计划,532/12733,451,（021）,首选历史，再选化学/地理(2选1)
湖南科技大学,2022,本科批,地方专项计划,529/13741,451,（028）,首选历史，再选不限
湖南科技大学,2022,本科批,国家专项计划,529/13741,451,（020）,首选历史，再选不限
湖南科技大学,2021,本科批,普通类,564/30121,434,（119）,首选物理，再选思想政治
湖南科技大学,2021,本科批,普通类,564/30121,434,（114）,首选物理，再选不限
湖南科技大学,2021,本科批,普通类,562/31365,434,（118）,首选物理，再选化学/地理(2选1)
湖南科技大学,2021,本科批,普通类,555/35981,434,（117）,首选物理，再选化学/生物(2选1)
湖南科技大学,2021,本科批,普通类,554/36691,434,（115）,首选物理，再选不限
湖南科技大学,2021,本科批,普通类,553/37425,434,（116）,首选物理，再选化学
湖南科技大学,2021,本科批,地方专项,554/36691,434,（423）,首选物理，再选不限
湖南科技大学,2021,本科批,地方专项,548/40940,434,（425）,首选物理，再选化学/生物(2选1)
湖南科技大学,2021,本科批,地方专项,547/41745,434,（424）,首选物理，再选化学
湖南科技大学,2021,本科批,普通类,560/8052,466,（109）,首选历史，再选思想政治
湖南科技大学,2021,本科批,普通类,557/8877,466,（107）,首选历史，再选不限
湖南科技大学,2021,本科批,普通类,556/9170,466,（108）,首选历史，再选化学/地理(2选1)
湖南科技大学,2021,本科批,地方专项,560/8052,466,（412）,首选历史，再选化学/地理(2选1)
湖南科技大学,2021,本科批,地方专项,556/9170,466,（411）,首选历史，再选不限
湖南科技大学,2020,本科一批,普通类,561/34986,507,,
湖南科技大学,2020,地方专项计划本科批,普通类,554/39256,507,,
湖南科技大学,2020,国家专项计划本科批,普通类,549/42404,-,,
湖南科技大学,2020,本科一批,普通类,584/7579,550,,
湖南科技大学,2020,国家专项计划本科批,普通类,580/8615,-,,
湖南科技大学,2020,地方专项计划本科批,普通类,579/8875,550,,
湖南科技大学,2020,本科一批,普通类,736/-,413,,
湖南科技大学,2020,本科一批,普通类,696/-,363,,
南华大学,2024,本科批,普通类,585/20649,422,（108）,首选物理，再选化学
南华大学,2024,本科批,普通类,532/55898,422,（106）,首选物理，再选化学
南华大学,2024,本科批,普通类,522/65187,422,（105）,首选物理，再选不限
南华大学,2024,本科批,普通类,520/67142,422,（107）,首选物理，再选化学
南华大学,2024,本科批,普通类,516/71174,422,（109）,首选物理，再选化学
南华大学,2024,本科批,地方专项计划,526/61307,422,（414）,首选物理，再选不限
南华大学,2024,本科批,地方专项计划,525/62274,422,（416）,首选物理，再选化学
南华大学,2024,本科批,地方专项计划,522/65187,422,（417）,首选物理，再选化学
南华大学,2024,本科批,国家专项计划,518/69193,422,（310）,首选物理，再选不限
南华大学,2024,本科批,国家专项计划,517/70156,422,（312）,首选物理，再选化学
南华大学,2024,本科批,普通类,521/17210,438,（102）,首选历史，再选不限
南华大学,2024,本科批,地方专项计划,532/13830,438,（404）,首选历史，再选不限
南华大学,2024,本科批,国家专项计划,528/15028,438,（303）,首选历史，再选不限
南华大学,2023,本科批,普通类,587/20766,415,（109）,首选物理，再选化学/生物(2选1)
南华大学,2023,本科批,普通类,541/47866,415,（105）,首选物理，再选不限
南华大学,2023,本科批,普通类,538/50112,415,（108）,首选物理，再选化学
南华大学,2023,本科批,普通类,532/54616,415,（106）,首选物理，再选不限
南华大学,2023,本科批,普通类,527/58467,415,（110）,首选物理，再选化学/生物(2选1)
南华大学,2023,本科批,普通类,521/63320,415,（107）,首选物理，再选不限
南华大学,2023,本科批,普通类,509/17282,428,（103）,首选历史，再选不限
南华大学,2023,本科批,普通类,499/20681,428,（104）,首选历史，再选不限
南华大学,2022,本科批,普通类,567/21931,414,（006）,首选物理，再选化学/生物(2选1)
南华大学,2022,本科批,普通类,526/49134,414,（005）,首选物理，再选化学
南华大学,2022,本科批,普通类,513/59922,414,（007）,首选物理，再选化学/生物(2选1)
南华大学,2022,本科批,普通类,502/69923,414,（004）,首选物理，再选不限
南华大学,2022,本科批,地方专项计划,533/43621,414,（013）,首选物理，再选化学
南华大学,2022,本科批,地方专项计划,532/44428,414,（014）,首选物理，再选化学/生物(2选1)
南华大学,2022,本科批,国家专项计划,527/48318,414,（010）,首选物理，再选化学/生物(2选1)
南华大学,2022,本科批,地方专项计划,503/69014,414,（012）,首选物理，再选不限
南华大学,2022,本科批,国家专项计划,498/73777,414,（009）,首选物理，再选不限
南华大学,2022,本科批,普通类,513/20199,451,（003）,首选历史，再选不限
南华大学,2022,本科批,地方专项计划,516/18911,451,（011）,首选历史，再选不限
南华大学,2022,本科批,国家专项计划,514/19737,451,（008）,首选历史，再选不限
南华大学,2021,本科批,普通类,577/22555,434,（106）,首选物理，再选化学/生物(2选1)
南华大学,2021,本科批,普通类,553/37425,434,（109）,首选物理，再选化学/生物(2选1)
南华大学,2021,本科批,普通类,553/37425,434,（108）,首选物理，再选化学
南华大学,2021,本科批,普通类,542/45495,434,（107）,首选物理，再选不限
南华大学,2021,本科批,地方专项,552/38123,434,（413）,首选物理，再选化学
南华大学,2021,本科批,地方专项,547/41745,434,（414）,首选物理，再选化学/生物(2选1)
南华大学,2021,本科批,地方专项,535/50980,434,（412）,首选物理，再选不限
南华大学,2021,本科批,普通类,541/14032,466,（103）,首选历史，再选不限
南华大学,2021,本科批,地方专项,543/13286,466,（405）,首选历史，再选不限
南华大学,2020,本科一批,普通类,556/37968,507,,
南华大学,2020,地方专项计划本科批,普通类,539/49220,507,,
南华大学,2020,国家专项计划本科批,普通类,534/52830,-,,
南华大学,2020,国家专项计划本科批,普通类,567/12760,-,,
南华大学,2020,本科一批,普通类,566/13115,550,,
南华大学,2020,地方专项计划本科批,普通类,565/13493,550,,
湖南工商大学,2024,本科批,普通类,544/45981,422,（115）,首选物理，再选不限
湖南工商大学,2024,本科批,普通类,533/55026,422,（114）,首选物理，再选不限
湖南工商大学,2024,本科批,普通类,529/58601,422,（119）,首选物理，再选化学
湖南工商大学,2024,本科批,普通类,524/63246,422,（118）,首选物理，再选化学
湖南工商大学,2024,本科批,普通类,522/65187,422,（113）,首选物理，再选不限
湖南工商大学,2024,本科批,普通类,511/76499,422,（116）,首选物理，再选不限
湖南工商大学,2024,本科批,普通类,510/77495,422,（120）,首选物理，再选化学
湖南工商大学,2024,本科批,地方专项计划,508/79656,422,（424）,首选物理，再选化学
湖南工商大学,2024,本科批,地方专项计划,507/80772,422,（423）,首选物理，再选不限
湖南工商大学,2024,本科批,国家专项计划,506/81855,422,（321）,首选物理，再选不限
湖南工商大学,2024,本科批,普通类,555/8325,438,（106）,首选历史，再选不限
湖南工商大学,2024,本科批,普通类,554/8548,438,（107）,首选历史，再选不限
湖南工商大学,2024,本科批,普通类,538/12167,438,（105）,首选历史，再选不限
湖南工商大学,2024,本科批,普通类,535/12993,438,（108）,首选历史，再选不限
湖南工商大学,2024,本科批,地方专项计划,531/14124,438,（411）,首选历史，再选不限
湖南工商大学,2024,本科批,国家专项计划,530/14433,438,（310）,首选历史，再选不限
湖南工商大学,2024,本科批,中外合作办学或国际项目,477/35274,438,（209）,首选历史，再选不限
湖南工商大学,2023,本科批,普通类,554/39037,415,（113）,首选物理，再选不限
湖南工商大学,2023,本科批,普通类,547/43680,415,（114）,首选物理，再选不限
湖南工商大学,2023,本科批,普通类,542/47160,415,（115）,首选物理，再选不限
湖南工商大学,2023,本科批,普通类,509/73564,415,（116）,首选物理，再选不限
湖南工商大学,2023,本科批,中外合作办学或国际项目,435/147911,415,（217）,首选物理，再选不限
湖南工商大学,2023,本科批,普通类,543/8778,428,（107）,首选历史，再选不限
湖南工商大学,2023,本科批,普通类,533/10790,428,（109）,首选历史，再选不限
湖南工商大学,2023,本科批,普通类,531/11240,428,（108）,首选历史，再选不限
湖南工商大学,2023,本科批,普通类,520/14065,428,（110）,首选历史，再选不限
湖南工商大学,2023,本科批,中外合作办学或国际项目,454/41932,428,（211）,首选历史，再选不限
湖南工商大学,2022,本科批,普通类,545/35124,414,（012）,首选物理，再选不限
湖南工商大学,2022,本科批,普通类,542/37125,414,（013）,首选物理，再选不限
湖南工商大学,2022,本科批,普通类,541/37813,414,（014）,首选物理，再选不限
湖南工商大学,2022,本科批,普通类,490/81696,414,（015）,首选物理，再选不限
湖南工商大学,2022,本科批,地方专项计划,487/84753,414,（020）,首选物理，再选不限
湖南工商大学,2022,本科批,国家专项计划,486/85716,414,（018）,首选物理，再选不限
湖南工商大学,2022,本科批,中外合作办学或国际项目,474/98206,414,（016）,首选物理，再选不限
湖南工商大学,2022,本科批,普通类,546/8648,451,（007）,首选历史，再选不限
湖南工商大学,2022,本科批,普通类,544/9159,451,（008）,首选历史，再选不限
湖南工商大学,2022,本科批,普通类,543/9441,451,（009）,首选历史，再选不限
湖南工商大学,2022,本科批,普通类,535/11784,451,（010）,首选历史，再选不限
湖南工商大学,2022,本科批,国家专项计划,524/15602,451,（017）,首选历史，再选不限
湖南工商大学,2022,本科批,地方专项计划,514/19737,451,（019）,首选历史，再选不限
湖南工商大学,2022,本科批,中外合作办学或国际项目,488/33545,451,（011）,首选历史，再选不限
湖南工商大学,2021,本科批,普通类,551/38818,434,（112）,首选物理，再选不限
湖南工商大学,2021,本科批,普通类,544/43943,434,（113）,首选物理，再选不限
湖南工商大学,2021,本科批,普通类,541/46235,434,（114）,首选物理，再选不限
湖南工商大学,2021,本科批,普通类,536/50193,434,（111）,首选物理，再选不限
湖南工商大学,2021,本科批,地方专项,522/61849,434,（417）,首选物理，再选不限
湖南工商大学,2021,本科批,中外合作办学,492/89620,434,（215）,首选物理，再选不限
湖南工商大学,2021,本科批,普通类,565/6869,466,（107）,首选历史，再选不限
湖南工商大学,2021,本科批,普通类,561/7795,466,（106）,首选历史，再选不限
湖南工商大学,2021,本科批,普通类,555/9441,466,（105）,首选历史，再选不限
湖南工商大学,2021,本科批,地方专项,545/12652,466,（410）,首选历史，再选不限
湖南工商大学,2021,本科批,中外合作办学,514/26255,466,（208）,首选历史，再选不限
湖南工商大学,2020,本科一批,普通类,544/45747,507,,
湖南工商大学,2020,国家专项计划本科批,普通类,533/53592,-,,
湖南工商大学,2020,地方专项计划本科批,普通类,528/57334,507,,
湖南工商大学,2020,专科批,普通类,429/135902,200,,
湖南工商大学,2020,本科二批,中外合作办学,484/93660,464,,
湖南工商大学,2020,本科一批,普通类,579/8875,550,,
湖南工商大学,2020,国家专项计划本科批,普通类,574/10368,-,,
湖南工商大学,2020,地方专项计划本科批,普通类,570/11678,550,,
湖南工商大学,2020,专科批,普通类,492/51254,200,,
湖南工商大学,2020,本科二批,中外合作办学,542/23808,526,,
吉首大学,2024,本科批,普通类,508/79656,422,（124）,首选物理，再选思想政治
吉首大学,2024,本科批,普通类,508/79656,422,（123）,首选物理，再选生物
吉首大学,2024,本科批,普通类,499/89764,422,（117）,首选物理，再选不限
吉首大学,2024,本科批,普通类,498/90933,422,（121）,首选物理，再选化学
吉首大学,2024,本科批,普通类,498/90933,422,（118）,首选物理，再选不限
吉首大学,2024,本科批,普通类,496/93327,422,（125）,首选物理，再选地理
吉首大学,2024,本科批,普通类,492/98063,422,（122）,首选物理，再选化学、生物(2科必选)
吉首大学,2024,本科批,国家专项计划,503/85181,422,（327）,首选物理，再选化学
吉首大学,2024,本科批,地方专项计划,501/87506,422,（428）,首选物理，再选化学
吉首大学,2024,本科批,少数民族预科班（面向城步县）,499/89764,422,（826）,首选物理，再选不限
吉首大学,2024,本科批,普通类,515/19231,438,（112）,首选历史，再选思想政治
吉首大学,2024,本科批,普通类,512/20236,438,（109）,首选历史，再选不限
吉首大学,2024,本科批,普通类,504/23202,438,（110）,首选历史，再选不限
吉首大学,2024,本科批,普通类,503/23589,438,（111）,首选历史，再选生物
吉首大学,2024,本科批,普通类,502/23945,438,（113）,首选历史，再选地理
吉首大学,2024,本科批,国家专项计划,516/18884,438,（314）,首选历史，再选不限
吉首大学,2024,本科批,地方专项计划,512/20236,438,（415）,首选历史，再选不限
吉首大学,2024,本科批,少数民族预科班（面向会同县）,507/22063,438,（818）,首选历史，再选不限
吉首大学,2024,本科批,少数民族预科班（面向全省）,503/23589,438,（801）,首选历史，再选不限
吉首大学,2024,本科批,少数民族预科班（面向绥宁县）,502/23945,438,（803）,首选历史，再选不限
吉首大学,2023,本科批,普通类,537/50850,415,（116）,首选物理，再选化学/生物(2选1)
吉首大学,2023,本科批,普通类,505/77084,415,（117）,首选物理，再选思想政治
吉首大学,2023,本科批,普通类,499/82444,415,（112）,首选物理，再选不限
吉首大学,2023,本科批,普通类,497/84307,415,（114）,首选物理，再选化学
吉首大学,2023,本科批,普通类,490/90829,415,（115）,首选物理，再选化学/生物(2选1)
吉首大学,2023,本科批,普通类,490/90829,415,（113）,首选物理，再选不限
吉首大学,2023,专科批,普通类,426/157672,200,（127）,首选物理，再选不限
吉首大学,2023,本科批,普通类,504/18901,428,（110）,首选历史，再选思想政治
吉首大学,2023,本科批,普通类,492/23346,428,（107）,首选历史，再选不限
吉首大学,2023,本科批,普通类,486/25768,428,（108）,首选历史，再选不限
吉首大学,2023,本科批,普通类,481/27997,428,（109）,首选历史，再选化学
吉首大学,2023,专科批,普通类,427/58010,200,（125）,首选历史，再选不限
吉首大学,2022,本科批,普通类,499/72815,414,（016）,首选物理，再选思想政治
吉首大学,2022,本科批,普通类,485/86686,414,（015）,首选物理，再选化学/生物(2选1)
吉首大学,2022,本科批,普通类,485/86686,414,（014）,首选物理，再选化学
吉首大学,2022,本科批,普通类,483/88778,414,（013）,首选物理，再选不限
吉首大学,2022,本科批,普通类,483/88778,414,（012）,首选物理，再选不限
吉首大学,2022,专科批,普通类,423/153382,200,（027）,首选物理，再选不限
吉首大学,2022,本科批,地方专项计划,499/72815,414,（023）,首选物理，再选化学
吉首大学,2022,本科批,地方专项计划,492/79722,414,（022）,首选物理，再选不限
吉首大学,2022,本科批,国家专项计划,492/79722,414,（020）,首选物理，再选不限
吉首大学,2022,本科批,地方专项计划,490/81696,414,（024）,首选物理，再选化学/生物(2选1)
吉首大学,2022,本科批,普通类,513/20199,451,（010）,首选历史，再选思想政治
吉首大学,2022,本科批,普通类,503/25163,451,（007）,首选历史，再选不限
吉首大学,2022,本科批,普通类,501/26265,451,（009）,首选历史，再选化学
吉首大学,2022,本科批,普通类,499/27330,451,（008）,首选历史，再选不限
吉首大学,2022,专科批,普通类,451/58717,200,（025）,首选历史，再选不限
吉首大学,2022,本科批,国家专项计划,509/22075,451,（019）,首选历史，再选不限
吉首大学,2022,本科批,地方专项计划,507/23045,451,（021）,首选历史，再选不限
吉首大学,2021,本科批,普通类,526/58424,434,（117）,首选物理，再选思想政治
吉首大学,2021,本科批,普通类,519/64513,434,（113）,首选物理，再选不限
吉首大学,2021,本科批,普通类,518/65469,434,（116）,首选物理，再选化学/生物(2选1)
吉首大学,2021,本科批,普通类,516/67243,434,（115）,首选物理，再选化学
吉首大学,2021,本科批,普通类,515/68155,434,（114）,首选物理，再选不限
吉首大学,2021,专科批,普通类,428/143018,200,（126）,首选物理，再选不限
吉首大学,2021,本科批,地方专项,528/56731,434,（419）,首选物理，再选化学
吉首大学,2021,本科批,地方专项,527/57571,434,（420）,首选物理，再选化学/生物(2选1)
吉首大学,2021,本科批,地方专项,527/57571,434,（418）,首选物理，再选不限
吉首大学,2021,本科批,少数民族预科班,515/68155,434,（869）,首选物理，再选不限
吉首大学,2021,本科批,普通类,534/16793,466,（110）,首选历史，再选思想政治
吉首大学,2021,本科批,普通类,532/17606,466,（109）,首选历史，再选化学
吉首大学,2021,本科批,普通类,528/19417,466,（108）,首选历史，再选不限
吉首大学,2021,本科批,普通类,528/19417,466,（107）,首选历史，再选不限
吉首大学,2021,专科批,普通类,456/59013,200,（122）,首选历史，再选不限
吉首大学,2021,本科批,地方专项,536/15967,466,（411）,首选历史，再选不限
吉首大学,2021,本科批,少数民族预科班,525/20873,466,（843）,首选历史，再选不限
吉首大学,2021,本科批,少数民族预科班,525/20873,466,（833）,首选历史，再选不限
吉首大学,2021,本科批,少数民族预科班,522/22292,466,（830）,首选历史，再选不限
吉首大学,2021,本科批,少数民族预科班,520/23231,466,（837）,首选历史，再选不限
吉首大学,2020,本科一批,普通类,528/57334,507,,
吉首大学,2020,地方专项计划本科批,普通类,526/58890,507,,
吉首大学,2020,本科二批,普通类,501/79284,464,,
吉首大学,2020,专科批,普通类,430/135265,200,,
吉首大学,2020,地方专项计划本科批,普通类,563/14268,550,,
吉首大学,2020,本科一批,普通类,558/16250,550,,
吉首大学,2020,本科二批,普通类,546/21811,526,,
吉首大学,2020,专科批,普通类,495/49544,200,,
吉首大学,2020,本科一批,普通类,708/-,413,,
吉首大学,2020,专科批,普通类,661/-,200,,
吉首大学,2020,本科一批,普通类,666/-,363,,
吉首大学,2020,专科批,普通类,617/-,200,,
湖南工业大学,2024,本科批,普通类,541/48313,422,（132）,首选物理，再选化学
湖南工业大学,2024,本科批,普通类,521/66167,422,（129）,首选物理，再选化学
湖南工业大学,2024,本科批,普通类,518/69193,422,（127）,首选物理，再选不限
湖南工业大学,2024,本科批,普通类,515/72232,422,（128）,首选物理，再选不限
湖南工业大学,2024,本科批,普通类,515/72232,422,（126）,首选物理，再选不限
湖南工业大学,2024,本科批,普通类,511/76499,422,（131）,首选物理，再选化学
湖南工业大学,2024,本科批,国家专项计划,539/49946,422,（338）,首选物理，再选化学
湖南工业大学,2024,本科批,地方专项计划,538/50752,422,（445）,首选物理，再选化学
湖南工业大学,2024,本科批,国家专项计划,513/74346,422,（334）,首选物理，再选不限
湖南工业大学,2024,本科批,地方专项计划,511/76499,422,（442）,首选物理，再选不限
湖南工业大学,2024,本科批,普通类,527/15325,438,（116）,首选历史，再选不限
湖南工业大学,2024,本科批,普通类,525/15906,438,（115）,首选历史，再选不限
湖南工业大学,2024,本科批,国家专项计划,527/15325,438,（318）,首选历史，再选不限
湖南工业大学,2024,本科批,地方专项计划,524/16246,438,（422）,首选历史，再选不限
湖南工业大学,2024,本科批,地方专项计划,523/16598,438,（421）,首选历史，再选不限
湖南工业大学,2024,本科批,国家专项计划,521/17210,438,（319）,首选历史，再选不限
湖南工业大学,2024,本科批,少数民族预科班（面向会同县）,514/19581,438,（821）,首选历史，再选不限
湖南工业大学,2024,本科批,少数民族预科班（面向靖州县）,511/20592,438,（822）,首选历史，再选不限
湖南工业大学,2024,本科批,少数民族预科班（面向全省）,511/20592,438,（801）,首选历史，再选不限
湖南工业大学,2024,本科批,少数民族预科班（面向新晃县）,510/20948,438,（819）,首选历史，再选不限
湖南工业大学,2023,本科批,普通类,548/43010,415,（121）,首选物理，再选不限
湖南工业大学,2023,本科批,普通类,518/65883,415,（122）,首选物理，再选不限
湖南工业大学,2023,本科批,普通类,509/73564,415,（120）,首选物理，再选不限
湖南工业大学,2023,本科批,普通类,509/73564,415,（119）,首选物理，再选不限
湖南工业大学,2023,本科批,普通类,504/77964,415,（125）,首选物理，再选化学/生物(2选1)
湖南工业大学,2023,本科批,普通类,502/79785,415,（124）,首选物理，再选化学
湖南工业大学,2023,本科批,普通类,513/16063,428,（117）,首选历史，再选不限
湖南工业大学,2022,本科批,普通类,535/42178,414,（018）,首选物理，再选不限
湖南工业大学,2022,本科批,普通类,524/50721,414,（021）,首选物理，再选不限
湖南工业大学,2022,本科批,普通类,512/60866,414,（024）,首选物理，再选不限
湖南工业大学,2022,本科批,普通类,504/68092,414,（092）,首选物理，再选化学/生物(2选1)
湖南工业大学,2022,本科批,普通类,495/76748,414,（027）,首选物理，再选不限
湖南工业大学,2022,本科批,普通类,493/78754,414,（095）,首选物理，再选不限
湖南工业大学,2022,本科批,普通类,493/78754,414,（030）,首选物理，再选化学
湖南工业大学,2022,专科批,普通类,422/154386,200,（099）,首选物理，再选不限
湖南工业大学,2022,本科批,地方专项计划,523/51518,414,（020）,首选物理，再选不限
湖南工业大学,2022,本科批,国家专项计划,523/51518,414,（019）,首选物理，再选不限
湖南工业大学,2022,本科批,普通类,531/13052,451,（013）,首选历史，再选不限
湖南工业大学,2022,本科批,普通类,497/28425,451,（016）,首选历史，再选不限
湖南工业大学,2022,本科批,国家专项计划,515/19329,451,（014）,首选历史，再选不限
湖南工业大学,2022,本科批,地方专项计划,505/24123,451,（015）,首选历史，再选不限
湖南工业大学,2021,本科批,普通类,546/42429,434,（117）,首选物理，再选不限
湖南工业大学,2021,本科批,普通类,545/43213,434,（118）,首选物理，再选不限
湖南工业大学,2021,本科批,普通类,543/44711,434,（119）,首选物理，再选不限
湖南工业大学,2021,本科批,普通类,540/47069,434,（121）,首选物理，再选化学/生物(2选1)
湖南工业大学,2021,本科批,普通类,538/48600,434,（122）,首选物理，再选化学
湖南工业大学,2021,本科批,普通类,536/50193,434,（120）,首选物理，再选不限
湖南工业大学,2021,专科批,普通类,430/141731,200,（137）,首选物理，再选不限
湖南工业大学,2021,本科批,地方专项,538/48600,434,（429）,首选物理，再选不限
湖南工业大学,2021,本科批,地方专项,534/51810,434,（430）,首选物理，再选不限
湖南工业大学,2021,本科批,地方专项,530/55054,434,（431）,首选物理，再选不限
湖南工业大学,2021,本科批,普通类,550/10965,466,（113）,首选历史，再选不限
湖南工业大学,2021,本科批,地方专项,546/12293,466,（415）,首选历史，再选不限
湖南工业大学,2021,本科批,少数民族预科班,530/18489,466,（854）,首选历史，再选不限
湖南工业大学,2021,本科批,少数民族预科班,530/18489,466,（846）,首选历史，再选不限
湖南工业大学,2021,本科批,少数民族预科班,529/18957,466,（845）,首选历史，再选不限
湖南工业大学,2021,本科批,少数民族预科班,528/19417,466,（850）,首选历史，再选不限
湖南工业大学,2021,本科批,少数民族预科班,528/19417,466,（839）,首选历史，再选不限
湖南工业大学,2021,本科批,少数民族预科班,527/19879,466,（858）,首选历史，再选不限
湖南工业大学,2021,本科批,少数民族预科班,526/20367,466,（844）,首选历史，再选不限
湖南工业大学,2021,本科批,少数民族预科班,526/20367,466,（842）,首选历史，再选不限
湖南工业大学,2020,本科一批,普通类,544/45747,507,,
湖南工业大学,2020,国家专项计划本科批,普通类,528/57334,-,,
湖南工业大学,2020,地方专项计划本科批,普通类,527/58164,507,,
湖南工业大学,2020,本科一批,单列类专业,519/64473,507,,
湖南工业大学,2020,专科批,醴陵陶瓷学院,410/147537,200,,
湖南工业大学,2020,本科一批,普通类,574/10368,550,,
湖南工业大学,2020,国家专项计划本科批,普通类,571/11336,-,,
湖南工业大学,2020,地方专项计划本科批,普通类,567/12760,550,,
湖南工业大学,2020,本科一批,普通类,725/-,413,,
湖南工业大学,2020,本科一批,普通类,679/-,363,,
湖南中医药大学,2024,本科批,普通类,557/36598,422,（109）,首选物理，再选化学
湖南中医药大学,2024,本科批,普通类,527/60386,422,（108）,首选物理，再选化学
湖南中医药大学,2024,本科批,普通类,511/76499,422,（107）,首选物理，再选不限
湖南中医药大学,2024,本科批,普通类,504/84095,422,（110）,首选物理，再选化学
湖南中医药大学,2024,本科批,地方专项计划,554/38625,422,（417）,首选物理，再选化学
湖南中医药大学,2024,本科批,国家专项计划,550/41437,422,（313）,首选物理，再选化学
湖南中医药大学,2024,本科批,地方专项计划,527/60386,422,（416）,首选物理，再选化学
湖南中医药大学,2024,本科批,国家专项计划,519/68175,422,（312）,首选物理，再选化学
湖南中医药大学,2024,本科批,地方专项计划,513/74346,422,（415）,首选物理，再选不限
湖南中医药大学,2024,本科批,国家专项计划,510/77495,422,（311）,首选物理，再选不限
湖南中医药大学,2024,本科批,普通类,511/20592,438,（101）,首选历史，再选不限
湖南中医药大学,2024,本科批,普通类,463/42344,438,（102）,首选历史，再选化学
湖南中医药大学,2024,本科批,地方专项计划,525/15906,438,（405）,首选历史，再选不限
湖南中医药大学,2024,本科批,国家专项计划,524/16246,438,（303）,首选历史，再选不限
湖南中医药大学,2023,本科批,普通类,533/53804,415,（104）,首选物理，再选化学
湖南中医药大学,2023,本科批,普通类,522/62443,415,（105）,首选物理，再选化学/生物(2选1)
湖南中医药大学,2023,本科批,普通类,505/77084,415,（103）,首选物理，再选不限
湖南中医药大学,2023,本科批,普通类,511/16671,428,（102）,首选历史，再选化学/生物(2选1)
湖南中医药大学,2023,本科批,普通类,495/22159,428,（101）,首选历史，再选不限
湖南中医药大学,2022,本科批,普通类,534/42886,414,（005）,首选物理，再选化学/生物(2选1)
湖南中医药大学,2022,本科批,普通类,502/69923,414,（004）,首选物理，再选化学
湖南中医药大学,2022,本科批,普通类,485/86686,414,（003）,首选物理，再选不限
湖南中医药大学,2022,本科批,地方专项计划,541/37813,414,（015）,首选物理，再选化学/生物(2选1)
湖南中医药大学,2022,本科批,国家专项计划,540/38539,414,（010）,首选物理，再选化学/生物(2选1)
湖南中医药大学,2022,本科批,地方专项计划,514/59031,414,（014）,首选物理，再选化学
湖南中医药大学,2022,本科批,国家专项计划,505/67144,414,（009）,首选物理，再选化学
湖南中医药大学,2022,本科批,地方专项计划,504/68092,414,（013）,首选物理，再选不限
湖南中医药大学,2022,本科批,国家专项计划,498/73777,414,（008）,首选物理，再选不限
湖南中医药大学,2022,本科批,普通类,525/15195,451,（002）,首选历史，再选化学/生物(2选1)
湖南中医药大学,2022,本科批,普通类,502/25723,451,（001）,首选历史，再选不限
湖南中医药大学,2022,本科批,地方专项计划,535/11784,451,（012）,首选历史，再选化学/生物(2选1)
湖南中医药大学,2022,本科批,国家专项计划,523/16045,451,（007）,首选历史，再选化学/生物(2选1)
湖南中医药大学,2022,本科批,地方专项计划,520/17234,451,（011）,首选历史，再选不限
湖南中医药大学,2022,本科批,国家专项计划,514/19737,451,（006）,首选历史，再选不限
湖南中医药大学,2021,本科批,普通类,559/33310,434,（115）,首选物理，再选化学/生物(2选1)
湖南中医药大学,2021,本科批,普通类,550/39551,434,（110）,首选物理，再选不限
湖南中医药大学,2021,本科批,普通类,549/40254,434,（114）,首选物理，再选化学/生物(2选1)
湖南中医药大学,2021,本科批,普通类,537/49398,434,（113）,首选物理，再选化学
湖南中医药大学,2021,本科批,普通类,537/49398,434,（111）,首选物理，再选不限
湖南中医药大学,2021,本科批,普通类,522/61849,434,（112）,首选物理，再选不限
湖南中医药大学,2021,本科批,地方专项,557/34604,434,（427）,首选物理，再选化学/生物(2选1)
湖南中医药大学,2021,本科批,地方专项,551/38818,434,（426）,首选物理，再选化学/生物(2选1)
湖南中医药大学,2021,本科批,地方专项,547/41745,434,（422）,首选物理，再选不限
湖南中医药大学,2021,本科批,地方专项,538/48600,434,（425）,首选物理，再选化学
湖南中医药大学,2021,本科批,普通类,554/9736,466,（101）,首选历史，再选不限
湖南中医药大学,2021,本科批,普通类,550/10965,466,（103）,首选历史，再选化学/生物(2选1)
湖南中医药大学,2021,本科批,普通类,538/15198,466,（102）,首选历史，再选不限
湖南中医药大学,2021,本科批,地方专项,553/10025,466,（409）,首选历史，再选化学/生物(2选1)
湖南中医药大学,2021,本科批,地方专项,548/11627,466,（407）,首选历史，再选不限
湖南中医药大学,2021,本科批,地方专项,537/15576,466,（408）,首选历史，再选不限
湖南中医药大学,2020,国家专项计划本科批,普通类,556/37968,-,,
湖南中医药大学,2020,本科一批,普通类,547/43729,507,,
湖南中医药大学,2020,地方专项计划本科批,普通类,542/47123,507,,
湖南中医药大学,2020,国家专项计划本科批,普通类,575/10065,-,,
湖南中医药大学,2020,本科一批,普通类,568/12401,550,,
湖南中医药大学,2020,地方专项计划本科批,普通类,566/13115,550,,
湖南理工学院,2024,本科批,普通类,504/84095,422,（119）,首选物理，再选不限
湖南理工学院,2024,本科批,普通类,500/88626,422,（120）,首选物理，再选不限
湖南理工学院,2024,本科批,普通类,495/94518,422,（121）,首选物理，再选化学
湖南理工学院,2024,本科批,地方专项计划,494/95700,422,（424）,首选物理，再选化学
湖南理工学院,2024,本科批,楚怡工匠计划,466/131749,-,（U23）,首选物理，再选化学
湖南理工学院,2024,本科批,中外合作办学或国际项目,451/152208,422,（222）,首选物理，再选化学
湖南理工学院,2024,本科批,普通类,513/19904,438,（116）,首选历史，再选思想政治
湖南理工学院,2024,本科批,普通类,511/20592,438,（115）,首选历史，再选不限
湖南理工学院,2024,本科批,地方专项计划,514/19581,438,（417）,首选历史，再选不限
湖南理工学院,2023,本科批,普通类,504/77964,415,（113）,首选物理，再选不限
湖南理工学院,2023,本科批,普通类,495/86202,415,（112）,首选物理，再选不限
湖南理工学院,2023,本科批,普通类,494/87118,415,（109）,首选物理，再选不限
湖南理工学院,2023,本科批,普通类,493/88031,415,（118）,首选物理，再选生物
湖南理工学院,2023,本科批,普通类,489/91819,415,（117）,首选物理，再选化学/生物(2选1)
湖南理工学院,2023,本科批,普通类,485/95706,415,（111）,首选物理，再选不限
湖南理工学院,2023,本科批,普通类,485/95706,415,（110）,首选物理，再选不限
湖南理工学院,2023,本科批,普通类,482/98655,415,（114）,首选物理，再选不限
湖南理工学院,2023,本科批,普通类,478/102695,415,（115）,首选物理，再选化学
湖南理工学院,2023,本科批,普通类,470/110696,415,（121）,首选物理，再选不限
湖南理工学院,2023,本科批,普通类,509/17282,428,（104）,首选历史，再选不限
湖南理工学院,2023,本科批,普通类,503/19233,428,（107）,首选历史，再选思想政治
湖南理工学院,2023,本科批,普通类,485/26158,428,（106）,首选历史，再选不限
湖南理工学院,2023,本科批,普通类,462/37506,428,（120）,首选历史，再选不限
湖南理工学院,2022,本科批,普通类,487/84753,414,（008）,首选物理，再选不限
湖南理工学院,2022,本科批,普通类,486/85716,414,（007）,首选物理，再选不限
湖南理工学院,2022,本科批,普通类,481/90905,414,（009）,首选物理，再选化学
湖南理工学院,2022,本科批,地方专项计划,501/70882,414,（012）,首选物理，再选不限
湖南理工学院,2022,本科批,地方专项计划,481/90905,414,（013）,首选物理，再选化学
湖南理工学院,2022,本科批,中外合作办学或国际项目,445/130071,414,（046）,首选物理，再选化学
湖南理工学院,2022,本科批,普通类,519/17635,451,（005）,首选历史，再选思想政治
湖南理工学院,2022,本科批,普通类,507/23045,451,（004）,首选历史，再选不限
湖南理工学院,2022,本科批,地方专项计划,509/22075,451,（011）,首选历史，再选不限
湖南理工学院,2021,本科批,普通类,528/56731,434,（111）,首选物理，再选生物
湖南理工学院,2021,本科批,普通类,527/57571,434,（108）,首选物理，再选不限
湖南理工学院,2021,本科批,普通类,519/64513,434,（109）,首选物理，再选化学
湖南理工学院,2021,本科批,地方专项,527/57571,434,（412）,首选物理，再选不限
湖南理工学院,2021,本科批,地方专项,520/63600,434,（413）,首选物理，再选化学
湖南理工学院,2021,本科批,中外合作办学,471/109056,434,（210）,首选物理，再选化学
湖南理工学院,2021,本科批,普通类,548/11627,466,（105）,首选历史，再选思想政治
湖南理工学院,2021,本科批,普通类,535/16387,466,（104）,首选历史，再选不限
湖南理工学院,2021,本科批,地方专项,535/16387,466,（406）,首选历史，再选不限
湖南理工学院,2020,本科一批,普通类,531/55021,507,,
湖南理工学院,2020,地方专项计划本科批,普通类,523/61311,507,,
湖南理工学院,2020,本科二批,普通类,465/109564,464,,
湖南理工学院,2020,本科一批,普通类,561/15054,550,,
湖南理工学院,2020,地方专项计划本科批,普通类,557/16676,550,,
湖南理工学院,2020,本科一批,普通类,710/-,413,,
湖南理工学院,2020,本科一批,普通类,660/-,363,,
湖南第一师范学院,2024,本科批,普通类,522/65187,422,（151）,首选物理，再选思想政治
湖南第一师范学院,2024,本科批,普通类,497/92109,422,（148）,首选物理，再选不限
湖南第一师范学院,2024,本科批,普通类,492/98063,422,（150）,首选物理，再选化学
湖南第一师范学院,2024,本科批,地方专项计划,527/60386,422,（458）,首选物理，再选思想政治
湖南第一师范学院,2024,本科批,国家专项计划,527/60386,422,（355）,首选物理，再选思想政治
湖南第一师范学院,2024,本科批,定向西藏就业,508/79656,422,（652）,首选物理，再选化学
湖南第一师范学院,2024,本科批,地方专项计划,503/85181,422,（456）,首选物理，再选不限
湖南第一师范学院,2024,本科批,国家专项计划,500/88626,422,（353）,首选物理，再选不限
湖南第一师范学院,2024,本科批,地方专项计划,498/90933,422,（457）,首选物理，再选化学
湖南第一师范学院,2024,本科批,国家专项计划,493/96919,422,（354）,首选物理，再选化学
湖南第一师范学院,2024,本科批,普通类,533/13548,438,（142）,首选历史，再选思想政治
湖南第一师范学院,2024,本科批,普通类,521/17210,438,（140）,首选历史，再选不限
湖南第一师范学院,2024,本科批,地方专项计划,538/12167,438,（446）,首选历史，再选思想政治
湖南第一师范学院,2024,本科批,国家专项计划,534/13253,438,（344）,首选历史，再选思想政治
湖南第一师范学院,2024,本科批,地方专项计划,525/15906,438,（445）,首选历史，再选不限
湖南第一师范学院,2024,本科批,国家专项计划,521/17210,438,（343）,首选历史，再选不限
湖南第一师范学院,2024,本科批,中外合作办学或国际项目,475/36251,438,（241）,首选历史，再选不限
湖南第一师范学院,2023,本科批,普通类,521/63320,415,（115）,首选物理，再选化学
湖南第一师范学院,2023,本科批,普通类,520/64177,415,（116）,首选物理，再选思想政治
湖南第一师范学院,2023,本科批,普通类,484/96708,415,（113）,首选物理，再选不限
湖南第一师范学院,2023,本科批,中外合作办学或国际项目,415/169483,415,（214）,首选物理，再选不限
湖南第一师范学院,2023,本科批,普通类,526/12500,428,（111）,首选历史，再选思想政治
湖南第一师范学院,2023,本科批,普通类,509/17282,428,（109）,首选历史，再选不限
湖南第一师范学院,2023,本科批,中外合作办学或国际项目,445/47090,428,（210）,首选历史，再选不限
湖南第一师范学院,2022,本科批,普通类,534/42886,414,（015）,首选物理，再选思想政治
湖南第一师范学院,2022,本科批,普通类,502/69923,414,（013）,首选物理，再选不限
湖南第一师范学院,2022,本科批,地方专项计划,533/43621,414,（023）,首选物理，再选思想政治
湖南第一师范学院,2022,本科批,地方专项计划,495/76748,414,（022）,首选物理，再选不限
湖南第一师范学院,2022,本科批,国家专项计划,491/80702,414,（019）,首选物理，再选不限
湖南第一师范学院,2022,本科批,中外合作办学或国际项目,466/106947,414,（014）,首选物理，再选不限
湖南第一师范学院,2022,本科批,普通类,533/12402,451,（011）,首选历史，再选思想政治
湖南第一师范学院,2022,本科批,普通类,526/14808,451,（009）,首选历史，再选不限
湖南第一师范学院,2022,本科批,国家专项计划,534/12066,451,（018）,首选历史，再选思想政治
湖南第一师范学院,2022,本科批,地方专项计划,533/12402,451,（021）,首选历史，再选思想政治
湖南第一师范学院,2022,本科批,地方专项计划,525/15195,451,（020）,首选历史，再选不限
湖南第一师范学院,2022,本科批,国家专项计划,521/16820,451,（017）,首选历史，再选不限
湖南第一师范学院,2022,本科批,中外合作办学或国际项目,492/31198,451,（010）,首选历史，再选不限
湖南第一师范学院,2021,本科批,普通类,542/45495,434,（119）,首选物理，再选思想政治
湖南第一师范学院,2021,本科批,普通类,534/51810,434,（117）,首选物理，再选不限
湖南第一师范学院,2021,本科批,地方专项,539/47864,434,（422）,首选物理，再选思想政治
湖南第一师范学院,2021,本科批,地方专项,534/51810,434,（421）,首选物理，再选不限
湖南第一师范学院,2021,本科批,中外合作办学,487/94286,434,（218）,首选物理，再选不限
湖南第一师范学院,2021,本科批,普通类,549/11287,466,（111）,首选历史，再选思想政治
湖南第一师范学院,2021,本科批,普通类,545/12652,466,（109）,首选历史，再选不限
湖南第一师范学院,2021,本科批,地方专项,545/12652,466,（415）,首选历史，再选思想政治
湖南第一师范学院,2021,本科批,地方专项,544/12935,466,（414）,首选历史，再选不限
湖南第一师范学院,2021,本科批,中外合作办学,512/27231,466,（210）,首选历史，再选不限
湖南第一师范学院,2020,本科一批,普通类,541/47790,507,,
湖南第一师范学院,2020,地方专项计划本科批,普通类,533/53592,507,,
湖南第一师范学院,2020,国家专项计划本科批,普通类,532/54303,-,,
湖南第一师范学院,2020,本科二批,中外合作办学,474/102209,464,,
湖南第一师范学院,2020,本科一批,普通类,570/11678,550,,
湖南第一师范学院,2020,国家专项计划本科批,普通类,568/12401,-,,
湖南第一师范学院,2020,地方专项计划本科批,普通类,567/12760,550,,
湖南第一师范学院,2020,本科二批,中外合作办学,531/29625,526,,
湖南第一师范学院,2020,本科一批,普通类,723/-,413,,
湖南第一师范学院,2020,本科一批,普通类,680/-,363,,
湖南文理学院,2024,本科批,普通类,502/86353,422,（118）,首选物理，再选不限
湖南文理学院,2024,本科批,普通类,497/92109,422,（126）,首选物理，再选思想政治
湖南文理学院,2024,本科批,普通类,491/99255,422,（127）,首选物理，再选地理
湖南文理学院,2024,本科批,普通类,483/109333,422,（117）,首选物理，再选不限
湖南文理学院,2024,本科批,普通类,474/121082,422,（120）,首选物理，再选化学
湖南文理学院,2024,本科批,少数民族预科班（面向全省）,480/113209,422,（820）,首选物理，再选不限
湖南文理学院,2024,本科批,少数民族预科班（面向湘西自治州）,479/114550,422,（845）,首选物理，再选不限
湖南文理学院,2024,本科批,少数民族预科班（面向通道县）,477/117070,422,（844）,首选物理，再选不限
湖南文理学院,2024,本科批,少数民族预科班（面向新晃县）,477/117070,422,（841）,首选物理，再选不限
湖南文理学院,2024,本科批,少数民族预科班（面向江华县）,477/117070,422,（835）,首选物理，再选不限
湖南文理学院,2024,本科批,普通类,512/20236,438,（115）,首选历史，再选地理
湖南文理学院,2024,本科批,普通类,509/21287,438,（113）,首选历史，再选不限
湖南文理学院,2024,本科批,普通类,508/21668,438,（114）,首选历史，再选思想政治
湖南文理学院,2024,本科批,普通类,499/25200,438,（112）,首选历史，再选不限
湖南文理学院,2024,本科批,少数民族预科班（面向绥宁县）,495/26945,438,（802）,首选历史，再选不限
湖南文理学院,2024,本科批,少数民族预科班（面向全省）,495/26945,438,（801）,首选历史，再选不限
湖南文理学院,2024,本科批,少数民族预科班（面向湘西自治州）,494/27373,438,（819）,首选历史，再选不限
湖南文理学院,2024,本科批,少数民族预科班（面向慈利县）,494/27373,438,（808）,首选历史，再选不限
湖南文理学院,2024,本科批,少数民族预科班（面向麻阳县）,492/28239,438,（815）,首选历史，再选不限
湖南文理学院,2024,本科批,少数民族预科班（面向江华县）,491/28681,438,（813）,首选历史，再选不限
湖南文理学院,2023,本科批,普通类,486/94723,415,（123）,首选物理，再选思想政治
湖南文理学院,2023,本科批,普通类,482/98655,415,（122）,首选物理，再选化学/地理(2选1)
湖南文理学院,2023,本科批,普通类,476/104647,415,（120）,首选物理，再选化学/生物(2选1)
湖南文理学院,2023,本科批,普通类,474/106692,415,（118）,首选物理，再选不限
湖南文理学院,2023,本科批,普通类,466/114843,415,（119）,首选物理，再选化学
湖南文理学院,2023,本科批,中外合作办学或国际项目,443/139310,415,（217）,首选物理，再选不限
湖南文理学院,2023,本科批,普通类,505/18566,428,（114）,首选历史，再选化学/地理(2选1)
湖南文理学院,2023,本科批,普通类,503/19233,428,（113）,首选历史，再选不限
湖南文理学院,2023,本科批,普通类,497/21419,428,（115）,首选历史，再选思想政治
湖南文理学院,2023,本科批,普通类,483/27096,428,（112）,首选历史，再选不限
湖南文理学院,2022,本科批,普通类,488/83729,414,（018）,首选物理，再选思想政治
湖南文理学院,2022,本科批,普通类,487/84753,414,（017）,首选物理，再选化学/地理(2选1)
湖南文理学院,2022,本科批,普通类,477/95064,414,（013）,首选物理，再选不限
湖南文理学院,2022,本科批,普通类,473/99314,414,（015）,首选物理，再选化学
湖南文理学院,2022,本科批,普通类,471/101467,414,（016）,首选物理，再选化学/生物(2选1)
湖南文理学院,2022,本科批,中外合作办学或国际项目,443/132242,414,（014）,首选物理，再选不限
湖南文理学院,2022,本科批,普通类,519/17635,451,（011）,首选历史，再选思想政治/地理(2选1)
湖南文理学院,2022,本科批,普通类,513/20199,451,（009）,首选历史，再选化学/地理(2选1)
湖南文理学院,2022,本科批,普通类,511/21094,451,（010）,首选历史，再选思想政治
湖南文理学院,2022,本科批,普通类,502/25723,451,（008）,首选历史，再选不限
湖南文理学院,2021,本科批,普通类,513/70025,434,（117）,首选物理，再选思想政治
湖南文理学院,2021,本科批,普通类,510/72756,434,（116）,首选物理，再选化学/地理(2选1)
湖南文理学院,2021,本科批,普通类,508/74598,434,（112）,首选物理，再选不限
湖南文理学院,2021,本科批,普通类,504/78372,434,（114）,首选物理，再选化学
湖南文理学院,2021,本科批,普通类,503/79241,434,（115）,首选物理，再选化学/生物(2选1)
湖南文理学院,2021,本科批,少数民族预科班,501/81089,434,（865）,首选物理，再选不限
湖南文理学院,2021,本科批,少数民族预科班,501/81089,434,（853）,首选物理，再选不限
湖南文理学院,2021,本科批,少数民族预科班,501/81089,434,（852）,首选物理，再选不限
湖南文理学院,2021,本科批,少数民族预科班,499/83048,434,（861）,首选物理，再选不限
湖南文理学院,2021,本科批,少数民族预科班,496/85805,434,（844）,首选物理，再选不限
湖南文理学院,2021,本科批,普通类,532/17606,466,（110）,首选历史，再选思想政治/地理(2选1)
湖南文理学院,2021,本科批,普通类,531/18055,466,（108）,首选历史，再选化学/地理(2选1)
湖南文理学院,2021,本科批,普通类,530/18489,466,（109）,首选历史，再选思想政治
湖南文理学院,2021,本科批,普通类,527/19879,466,（107）,首选历史，再选化学/生物(2选1)
湖南文理学院,2021,本科批,普通类,527/19879,466,（106）,首选历史，再选不限
湖南文理学院,2021,本科批,少数民族预科班,527/19879,466,（838）,首选历史，再选不限
湖南文理学院,2021,本科批,少数民族预科班,521/22757,466,（843）,首选历史，再选不限
湖南文理学院,2021,本科批,少数民族预科班,519/23741,466,（829）,首选历史，再选不限
湖南文理学院,2021,本科批,少数民族预科班,519/23741,466,（820）,首选历史，再选不限
湖南文理学院,2021,本科批,少数民族预科班,517/24690,466,（840）,首选历史，再选不限
湖南文理学院,2020,本科一批,普通类,510/71706,507,,
湖南文理学院,2020,本科二批,中外合作办学,473/103066,464,,
湖南文理学院,2020,本科一批,普通类,555/17593,550,,
湖南文理学院,2020,本科二批,中外合作办学,532/29086,526,,
湖南文理学院,2020,本科一批,普通类,704/-,413,,
湖南文理学院,2020,本科一批,普通类,649/-,363,,
衡阳师范学院,2024,本科批,普通类,516/71174,422,（139）,首选物理，再选思想政治
衡阳师范学院,2024,本科批,普通类,501/87506,422,（140）,首选物理，再选地理
衡阳师范学院,2024,本科批,普通类,491/99255,422,（133）,首选物理，再选不限
衡阳师范学院,2024,本科批,普通类,475/119821,422,（134）,首选物理，再选化学
衡阳师范学院,2024,本科批,普通类,470/126396,422,（137）,首选物理，再选化学、生物(2科必选)
衡阳师范学院,2024,本科批,定向西藏就业,538/50752,422,（641）,首选物理，再选不限
衡阳师范学院,2024,本科批,地方专项计划,497/92109,422,（442）,首选物理，再选不限
衡阳师范学院,2024,本科批,地方专项计划,489/101735,422,（443）,首选物理，再选化学
衡阳师范学院,2024,本科批,地方专项计划,474/121082,422,（444）,首选物理，再选化学、生物(2科必选)
衡阳师范学院,2024,本科批,楚怡工匠计划,462/137174,-,（U35）,首选物理，再选化学
衡阳师范学院,2024,本科批,普通类,521/17210,438,（128）,首选历史，再选思想政治
衡阳师范学院,2024,本科批,普通类,510/20948,438,（129）,首选历史，再选地理
衡阳师范学院,2024,本科批,普通类,508/21668,438,（127）,首选历史，再选不限
衡阳师范学院,2024,本科批,定向西藏就业,526/15619,438,（630）,首选历史，再选不限
衡阳师范学院,2024,本科批,地方专项计划,517/18546,438,（431）,首选历史，再选不限
衡阳师范学院,2023,本科批,普通类,517/66697,415,（119）,首选物理，再选思想政治
衡阳师范学院,2023,本科批,普通类,504/77964,415,（117）,首选物理，再选化学/生物(2选1)
衡阳师范学院,2023,本科批,普通类,501/80698,415,（118）,首选物理，再选化学/地理(2选1)
衡阳师范学院,2023,本科批,普通类,486/94723,415,（115）,首选物理，再选不限
衡阳师范学院,2023,本科批,普通类,482/98655,415,（116）,首选物理，再选化学
衡阳师范学院,2023,本科批,普通类,509/17282,428,（113）,首选历史，再选思想政治
衡阳师范学院,2023,本科批,普通类,501/19980,428,（112）,首选历史，再选化学/地理(2选1)
衡阳师范学院,2023,本科批,普通类,490/24112,428,（111）,首选历史，再选不限
衡阳师范学院,2022,本科批,普通类,512/60866,414,（015）,首选物理，再选思想政治
衡阳师范学院,2022,本科批,普通类,502/69923,414,（014）,首选物理，再选生物
衡阳师范学院,2022,本科批,普通类,499/72815,414,（013）,首选物理，再选化学/地理(2选1)
衡阳师范学院,2022,本科批,普通类,484/87789,414,（012）,首选物理，再选化学
衡阳师范学院,2022,本科批,普通类,484/87789,414,（011）,首选物理，再选不限
衡阳师范学院,2022,本科批,地方专项计划,488/83729,414,（020）,首选物理，再选不限
衡阳师范学院,2022,本科批,定向西藏就业,482/89778,414,（018）,首选物理，再选不限
衡阳师范学院,2022,本科批,地方专项计划,475/97137,414,（021）,首选物理，再选化学
衡阳师范学院,2022,本科批,地方专项计划,467/105858,414,（022）,首选物理，再选化学/生物(2选1)
衡阳师范学院,2022,本科批,普通类,519/17635,451,（009）,首选历史，再选思想政治
衡阳师范学院,2022,本科批,普通类,516/18911,451,（008）,首选历史，再选化学/地理(2选1)
衡阳师范学院,2022,本科批,普通类,508/22589,451,（007）,首选历史，再选不限
衡阳师范学院,2022,本科批,地方专项计划,510/21568,451,（019）,首选历史，再选不限
衡阳师范学院,2022,本科批,定向西藏就业,501/26265,451,（017）,首选历史，再选不限
衡阳师范学院,2021,本科批,普通类,530/55054,434,（118）,首选物理，再选思想政治
衡阳师范学院,2021,本科批,普通类,526/58424,434,（116）,首选物理，再选化学/地理(2选1)
衡阳师范学院,2021,本科批,普通类,522/61849,434,（117）,首选物理，再选生物
衡阳师范学院,2021,本科批,普通类,522/61849,434,（113）,首选物理，再选不限
衡阳师范学院,2021,本科批,普通类,513/70025,434,（114）,首选物理，再选化学
衡阳师范学院,2021,本科批,普通类,511/71835,434,（115）,首选物理，再选化学/生物(2选1)
衡阳师范学院,2021,本科批,地方专项,525/59262,434,（420）,首选物理，再选不限
衡阳师范学院,2021,本科批,定向西藏就业,504/78372,434,（619）,首选物理，再选不限
衡阳师范学院,2021,本科批,普通类,539/14843,466,（108）,首选历史，再选化学/地理(2选1)
衡阳师范学院,2021,本科批,普通类,537/15576,466,（109）,首选历史，再选思想政治
衡阳师范学院,2021,本科批,普通类,533/17187,466,（107）,首选历史，再选不限
衡阳师范学院,2021,本科批,地方专项,536/15967,466,（411）,首选历史，再选不限
衡阳师范学院,2021,本科批,定向西藏就业,533/17187,466,（610）,首选历史，再选不限
衡阳师范学院,2020,本科一批,普通类,522/62091,507,,
衡阳师范学院,2020,地方专项计划本科批,普通类,521/62875,507,,
衡阳师范学院,2020,地方专项计划本科批,普通类,560/15474,550,,
衡阳师范学院,2020,本科一批,普通类,558/16250,550,,
衡阳师范学院,2020,本科一批,普通类,708/-,413,,
衡阳师范学院,2020,本科一批,普通类,654/-,363,,
长沙学院,2024,本科批,普通类,500/88626,422,（118）,首选物理，再选化学
长沙学院,2024,本科批,普通类,498/90933,422,（123）,首选物理，再选思想政治
长沙学院,2024,本科批,普通类,497/92109,422,（116）,首选物理，再选不限
长沙学院,2024,本科批,普通类,497/92109,422,（115）,首选物理，再选不限
长沙学院,2024,本科批,普通类,496/93327,422,（124）,首选物理，再选地理
长沙学院,2024,本科批,普通类,490/100515,422,（119）,首选物理，再选化学
长沙学院,2024,本科批,普通类,489/101735,422,（122）,首选物理，再选化学、生物(2科必选)
长沙学院,2024,本科批,楚怡工匠计划,466/131749,-,（U20）,首选物理，再选化学
长沙学院,2024,本科批,楚怡工匠计划,465/133113,-,（U21）,首选物理，再选化学
长沙学院,2024,本科批,普通类,510/20948,438,（111）,首选历史，再选不限
长沙学院,2024,本科批,普通类,509/21287,438,（113）,首选历史，再选思想政治
长沙学院,2024,本科批,普通类,508/21668,438,（114）,首选历史，再选地理
长沙学院,2023,本科批,普通类,491/89874,415,（118）,首选物理，再选思想政治
长沙学院,2023,本科批,普通类,489/91819,415,（116）,首选物理，再选不限
长沙学院,2023,本科批,普通类,487/93746,415,（121）,首选物理，再选化学/地理(2选1)
长沙学院,2023,本科批,普通类,487/93746,415,（120）,首选物理，再选化学/生物(2选1)
长沙学院,2023,本科批,普通类,485/95706,415,（119）,首选物理，再选化学
长沙学院,2023,本科批,普通类,484/96708,415,（117）,首选物理，再选不限
长沙学院,2023,本科批,普通类,499/20681,428,（115）,首选历史，再选思想政治
长沙学院,2023,本科批,普通类,490/24112,428,（113）,首选历史，再选不限
长沙学院,2023,本科批,普通类,487/25370,428,（114）,首选历史，再选化学/地理(2选1)
长沙学院,2022,本科批,普通类,490/81696,414,（015）,首选物理，再选不限
长沙学院,2022,本科批,普通类,488/83729,414,（019）,首选物理，再选化学/地理(2选1)
长沙学院,2022,本科批,普通类,483/88778,414,（016）,首选物理，再选不限
长沙学院,2022,本科批,普通类,479/92933,414,（018）,首选物理，再选化学/生物(2选1)
长沙学院,2022,本科批,普通类,476/96094,414,（017）,首选物理，再选化学
长沙学院,2022,本科批,普通类,509/22075,451,（014）,首选历史，再选化学/地理(2选1)
长沙学院,2022,本科批,普通类,506/23571,451,（013）,首选历史，再选不限
长沙学院,2021,本科批,普通类,522/61849,434,（115）,首选物理，再选不限
长沙学院,2021,本科批,普通类,521/62738,434,（119）,首选物理，再选化学/地理(2选1)
长沙学院,2021,本科批,普通类,519/64513,434,（116）,首选物理，再选不限
长沙学院,2021,本科批,普通类,516/67243,434,（118）,首选物理，再选化学/生物(2选1)
长沙学院,2021,本科批,普通类,513/70025,434,（117）,首选物理，再选化学
长沙学院,2021,本科批,普通类,532/17606,466,（113）,首选历史，再选不限
长沙学院,2021,本科批,普通类,531/18055,466,（114）,首选历史，再选化学/地理(2选1)
长沙学院,2020,本科一批,普通类,520/63633,507,,
长沙学院,2020,本科一批,普通类,557/16676,550,,
湖南工程学院,2024,本科批,普通类,485/106809,422,（105）,首选物理，再选不限
湖南工程学院,2024,本科批,普通类,481/111886,422,（104）,首选物理，再选不限
湖南工程学院,2024,本科批,普通类,480/113209,422,（106）,首选物理，再选化学
湖南工程学院,2024,本科批,普通类,478/115818,422,（108）,首选物理，再选化学
湖南工程学院,2024,本科批,普通类,469/127785,422,（107）,首选物理，再选化学
湖南工程学院,2024,本科批,中外合作办学或国际项目,459/141320,422,（209）,首选物理，再选化学
湖南工程学院,2024,本科批,楚怡工匠计划,455/146856,-,（U10）,首选物理，再选化学
湖南工程学院,2024,本科批,普通类,489/29584,438,（103）,首选历史，再选不限
湖南工程学院,2023,本科批,普通类,472/108716,415,（110）,首选物理，再选化学/生物(2选1)
湖南工程学院,2023,本科批,普通类,472/108716,415,（106）,首选物理，再选不限
湖南工程学院,2023,本科批,普通类,454/127467,415,（109）,首选物理，再选化学
湖南工程学院,2023,本科批,中外合作办学或国际项目,438/144640,415,（207）,首选物理，再选不限
湖南工程学院,2023,本科批,普通类,470/33221,428,（105）,首选历史，再选不限
湖南工程学院,2022,本科批,普通类,471/101467,414,（009）,首选物理，再选化学/生物(2选1)
湖南工程学院,2022,本科批,普通类,467/105858,414,（006）,首选物理，再选不限
湖南工程学院,2022,本科批,普通类,451/123593,414,（008）,首选物理，再选化学
湖南工程学院,2022,本科批,中外合作办学或国际项目,451/123593,414,（007）,首选物理，再选不限
湖南工程学院,2022,本科批,普通类,490/32337,451,（005）,首选历史，再选不限
湖南工程学院,2021,本科批,普通类,505/77389,434,（107）,首选物理，再选不限
湖南工程学院,2021,本科批,普通类,504/78372,434,（110）,首选物理，再选化学/生物(2选1)
湖南工程学院,2021,本科批,普通类,475/105311,434,（109）,首选物理，再选化学
湖南工程学院,2021,本科批,中外合作办学,477/103546,434,（208）,首选物理，再选不限
湖南工程学院,2021,本科批,普通类,517/24690,466,（105）,首选历史，再选不限
湖南工程学院,2021,本科批,普通类,495/36407,466,（106）,首选历史，再选化学
湖南工程学院,2020,本科一批,普通类,511/70878,507,,
湖南工程学院,2020,本科二批,中外合作办学,475/101327,464,,
湖南工程学院,2020,本科一批,普通类,553/18479,550,,
